fecha_hora,nodo_id,fuente,profundidad_fondo_m,calado_m,profundidad_libre_m,profundidad_libre_sin_compensar_m,tension_cabo_kg,nivel_lago_cm,temperatura_agua_c,mecanismo_activo,estado_alerta,dias_retraso_validacion
2026-03-01 00:00:00,nodo_01,sensor,7.404,5.051,2.353,2.353,19.13,-0.44,13.1,False,normal,
2026-03-01 00:00:00,nodo_02,sensor,5.88,4.853,1.027,0.909,23.99,-0.44,13.1,True,alerta,
2026-03-01 06:00:00,nodo_01,sensor,7.362,5.016,2.346,2.346,18.64,-0.73,12.83,False,normal,
2026-03-01 06:00:00,nodo_02,sensor,5.85,4.783,1.067,0.777,25.04,-0.73,12.83,True,alerta,
2026-03-01 12:00:00,nodo_01,sensor,7.413,4.974,2.439,2.439,19.1,0.95,13.12,False,normal,
2026-03-01 12:00:00,nodo_02,sensor,5.938,4.915,1.023,0.923,24.42,0.95,13.12,True,alerta,
2026-03-01 18:00:00,nodo_01,sensor,7.423,4.939,2.484,2.484,20.31,-0.12,12.68,False,normal,
2026-03-01 18:00:00,nodo_02,sensor,5.84,4.812,1.028,0.906,25.67,-0.12,12.68,True,alerta,
2026-03-02 00:00:00,nodo_01,sensor,7.369,4.921,2.448,2.448,21.16,-0.06,13.28,False,normal,
2026-03-02 00:00:00,nodo_02,sensor,5.883,4.868,1.015,0.95,24.05,-0.06,13.28,True,alerta,
2026-03-02 06:00:00,nodo_01,sensor,7.379,5.031,2.348,2.348,21.55,-0.06,12.9,False,normal,
2026-03-02 06:00:00,nodo_02,sensor,5.927,4.918,1.009,0.969,24.91,-0.06,12.9,True,alerta,
2026-03-02 12:00:00,nodo_01,sensor,7.386,4.979,2.407,2.407,21.77,-0.83,13.35,False,normal,
2026-03-02 12:00:00,nodo_02,sensor,5.865,4.812,1.053,0.823,25.82,-0.83,13.35,True,alerta,
2026-03-02 18:00:00,nodo_01,sensor,7.41,5.077,2.333,2.333,19.95,-0.12,12.83,False,normal,
2026-03-02 18:00:00,nodo_02,sensor,5.946,4.869,1.077,1.077,18.73,-0.12,12.83,False,alerta,
2026-03-03 00:00:00,nodo_01,sensor,7.428,5.001,2.427,2.427,19.2,0.11,13.35,False,normal,
2026-03-03 00:00:00,nodo_02,sensor,5.856,4.825,1.031,0.895,26.49,0.11,13.35,True,alerta,
2026-03-03 06:00:00,nodo_01,sensor,7.432,5.016,2.416,2.416,19.21,0.44,12.89,False,normal,
2026-03-03 06:00:00,nodo_02,sensor,5.92,4.895,1.025,0.915,26.83,0.44,12.89,True,alerta,
2026-03-03 12:00:00,nodo_01,sensor,7.387,4.982,2.405,2.405,21.91,-0.5,13.24,False,normal,
2026-03-03 12:00:00,nodo_02,sensor,5.886,4.867,1.019,1.019,18.02,-0.5,13.24,False,alerta,
2026-03-03 18:00:00,nodo_01,sensor,7.39,5.02,2.37,2.37,22.83,-0.55,12.8,False,normal,
2026-03-03 18:00:00,nodo_02,sensor,5.9,4.866,1.034,0.887,25.26,-0.55,12.8,True,alerta,
2026-03-04 00:00:00,nodo_01,sensor,7.363,4.95,2.413,2.413,20.15,-0.46,12.56,False,normal,
2026-03-04 00:00:00,nodo_02,sensor,5.882,4.856,1.026,0.915,25.38,-0.46,12.56,True,alerta,
2026-03-04 06:00:00,nodo_01,sensor,7.393,4.942,2.451,2.451,21.71,-0.56,13.15,False,normal,
2026-03-04 06:00:00,nodo_02,sensor,5.917,4.88,1.037,0.877,24.01,-0.56,13.15,True,alerta,
2026-03-04 12:00:00,nodo_01,sensor,7.374,5.004,2.37,2.37,19.26,0.04,13.48,False,normal,
2026-03-04 12:00:00,nodo_02,sensor,5.928,4.881,1.047,0.843,26.69,0.04,13.48,True,alerta,
2026-03-04 18:00:00,nodo_01,sensor,7.374,5.024,2.35,2.35,18.62,0.57,13.08,False,normal,
2026-03-04 18:00:00,nodo_02,sensor,5.952,4.949,1.003,0.991,24.89,0.57,13.08,True,alerta,
2026-03-05 00:00:00,,boletin_oficial,,,,,,-0.49,13.5,,,4
2026-03-05 00:00:00,nodo_01,sensor,7.424,5.026,2.398,2.398,22.05,-0.74,13.25,False,normal,
2026-03-05 00:00:00,nodo_02,sensor,5.969,4.965,1.004,0.985,25.07,-0.74,13.25,True,alerta,
2026-03-05 06:00:00,nodo_01,sensor,7.358,4.934,2.424,2.424,20.78,-0.53,13.31,False,normal,
2026-03-05 06:00:00,nodo_02,sensor,5.904,4.871,1.033,0.891,25.89,-0.53,13.31,True,alerta,
2026-03-05 12:00:00,nodo_01,sensor,7.399,4.939,2.46,2.46,21.57,-0.58,13.33,False,normal,
2026-03-05 12:00:00,nodo_02,sensor,5.934,4.903,1.031,0.897,23.94,-0.58,13.33,True,alerta,
2026-03-05 18:00:00,nodo_01,sensor,7.426,5.021,2.405,2.405,21.23,-0.25,12.83,False,normal,
2026-03-05 18:00:00,nodo_02,sensor,5.954,4.944,1.01,0.966,24.24,-0.25,12.83,True,alerta,
2026-03-06 00:00:00,nodo_01,sensor,7.432,5.027,2.405,2.405,24.1,-0.4,13.03,False,normal,
2026-03-06 00:00:00,nodo_02,sensor,5.899,4.89,1.009,0.969,25.32,-0.4,13.03,True,alerta,
2026-03-06 06:00:00,nodo_01,sensor,7.381,5.036,2.345,2.345,20.71,-1.22,13.24,False,normal,
2026-03-06 06:00:00,nodo_02,sensor,5.886,4.865,1.021,0.928,23.1,-1.22,13.24,True,alerta,
2026-03-06 12:00:00,nodo_01,sensor,7.409,5.005,2.404,2.404,20.95,-1.2,12.95,False,normal,
2026-03-06 12:00:00,nodo_02,sensor,5.941,4.92,1.021,0.929,24.16,-1.2,12.95,True,alerta,
2026-03-06 18:00:00,nodo_01,sensor,7.402,5.028,2.374,2.374,21.62,-0.84,12.76,False,normal,
2026-03-06 18:00:00,nodo_02,sensor,5.923,4.921,1.002,0.992,23.97,-0.84,12.76,True,alerta,
2026-03-07 00:00:00,nodo_01,sensor,7.393,5.044,2.349,2.349,22.16,-0.78,13.2,False,normal,
2026-03-07 00:00:00,nodo_02,sensor,5.892,4.84,1.052,0.825,26.86,-0.78,13.2,True,alerta,
2026-03-07 06:00:00,nodo_01,sensor,7.366,4.988,2.378,2.378,19.27,-1.06,13.35,False,normal,
2026-03-07 06:00:00,nodo_02,sensor,5.892,4.825,1.067,0.776,22.57,-1.06,13.35,True,alerta,
2026-03-07 12:00:00,nodo_01,sensor,7.362,4.983,2.379,2.379,22.34,-1.14,13.14,False,normal,
2026-03-07 12:00:00,nodo_02,sensor,5.892,4.851,1.041,0.865,23.47,-1.14,13.14,True,alerta,
2026-03-07 18:00:00,nodo_01,sensor,7.481,5.032,2.449,2.449,16.96,1.71,12.92,False,normal,
2026-03-07 18:00:00,nodo_02,sensor,5.923,4.91,1.013,0.956,26.65,1.71,12.92,True,alerta,
2026-03-08 00:00:00,nodo_01,sensor,7.376,4.984,2.392,2.392,20.48,-1.36,13.64,False,normal,
2026-03-08 00:00:00,nodo_02,sensor,5.838,4.775,1.063,0.791,27.27,-1.36,13.64,True,alerta,
2026-03-08 06:00:00,nodo_01,sensor,7.352,4.976,2.376,2.376,21.9,-0.24,13.45,False,normal,
2026-03-08 06:00:00,nodo_02,sensor,5.876,4.832,1.044,0.854,26.54,-0.24,13.45,True,alerta,
2026-03-08 12:00:00,nodo_01,sensor,7.35,4.995,2.355,2.355,17.01,-1.13,12.86,False,normal,
2026-03-08 12:00:00,nodo_02,sensor,5.85,4.782,1.068,0.773,27.36,-1.13,12.86,True,alerta,
2026-03-08 18:00:00,nodo_01,sensor,7.458,5.001,2.457,2.457,18.53,2.3,12.71,False,normal,
2026-03-08 18:00:00,nodo_02,sensor,5.937,4.915,1.022,0.927,24.47,2.3,12.71,True,alerta,
2026-03-09 00:00:00,nodo_01,sensor,7.363,5.064,2.299,2.299,19.08,1.97,13.2,False,normal,
2026-03-09 00:00:00,nodo_02,sensor,5.983,4.968,1.015,0.949,25.48,1.97,13.2,True,alerta,
2026-03-09 06:00:00,nodo_01,sensor,7.382,4.975,2.407,2.407,19.12,-1.13,12.97,False,normal,
2026-03-09 06:00:00,nodo_02,sensor,5.914,4.883,1.031,0.896,24.34,-1.13,12.97,True,alerta,
2026-03-09 12:00:00,nodo_01,sensor,7.37,5.044,2.326,2.326,20.83,-1.13,13.33,False,normal,
2026-03-09 12:00:00,nodo_02,sensor,5.867,4.854,1.013,0.956,23.54,-1.13,13.33,True,alerta,
2026-03-09 18:00:00,nodo_01,sensor,7.383,5.055,2.328,2.328,21.24,-1.09,13.1,False,normal,
2026-03-09 18:00:00,nodo_02,sensor,5.914,4.869,1.045,0.849,25.41,-1.09,13.1,True,alerta,
2026-03-10 00:00:00,nodo_01,sensor,7.377,4.969,2.408,2.408,22.87,-1.45,13.43,False,normal,
2026-03-10 00:00:00,nodo_02,sensor,5.917,4.91,1.007,1.007,16.83,-1.45,13.43,False,alerta,
2026-03-10 06:00:00,nodo_01,sensor,7.41,5.031,2.379,2.379,19.98,-0.92,13.41,False,normal,
2026-03-10 06:00:00,nodo_02,sensor,5.864,4.822,1.042,0.86,24.36,-0.92,13.41,True,alerta,
2026-03-10 12:00:00,nodo_01,sensor,7.403,5.068,2.335,2.335,19.35,-1.55,13.42,False,normal,
2026-03-10 12:00:00,nodo_02,sensor,5.891,4.85,1.041,0.863,26.68,-1.55,13.42,True,alerta,
2026-03-10 18:00:00,nodo_01,sensor,7.388,4.989,2.399,2.399,20.47,0.95,12.76,False,normal,
2026-03-10 18:00:00,nodo_02,sensor,5.954,4.927,1.027,0.911,25.14,0.95,12.76,True,alerta,
2026-03-11 00:00:00,nodo_01,sensor,7.393,4.998,2.395,2.395,21.91,1.37,13.19,False,normal,
2026-03-11 00:00:00,nodo_02,sensor,5.937,4.911,1.026,0.912,25.51,1.37,13.19,True,alerta,
2026-03-11 06:00:00,nodo_01,sensor,7.394,5.001,2.393,2.393,20.15,-1.26,13.08,False,normal,
2026-03-11 06:00:00,nodo_02,sensor,5.864,4.823,1.041,0.863,26.12,-1.26,13.08,True,alerta,
2026-03-11 12:00:00,nodo_01,sensor,7.419,5.091,2.328,2.328,19.83,-1.75,13.75,False,normal,
2026-03-11 12:00:00,nodo_02,sensor,5.912,4.907,1.005,0.985,26.55,-1.75,13.75,True,alerta,
2026-03-11 18:00:00,nodo_01,sensor,7.353,5.008,2.345,2.345,20.51,-2.46,13.04,False,normal,
2026-03-11 18:00:00,nodo_02,sensor,5.932,4.897,1.035,0.884,24.51,-2.46,13.04,True,alerta,
2026-03-12 00:00:00,nodo_01,sensor,7.408,4.993,2.415,2.415,19.89,-1.35,13.66,False,normal,
2026-03-12 00:00:00,nodo_02,sensor,5.878,4.837,1.041,0.863,23.73,-1.35,13.66,True,alerta,
2026-03-12 06:00:00,nodo_01,sensor,7.335,4.97,2.365,2.365,20.01,-1.73,13.59,False,normal,
2026-03-12 06:00:00,nodo_02,sensor,5.884,4.856,1.028,0.907,26.31,-1.73,13.59,True,alerta,
2026-03-12 12:00:00,nodo_01,sensor,7.409,5.077,2.332,2.332,18.76,-2.27,13.38,False,normal,
2026-03-12 12:00:00,nodo_02,sensor,5.868,4.825,1.043,0.856,28.45,-2.27,13.38,True,alerta,
2026-03-12 18:00:00,nodo_01,sensor,7.449,5.088,2.361,2.361,19.63,-1.29,13.24,False,normal,
2026-03-12 18:00:00,nodo_02,sensor,5.916,4.881,1.035,0.884,27.43,-1.29,13.24,True,alerta,
2026-03-13 00:00:00,,boletin_oficial,,,,,,1.85,13.3,,,5
2026-03-13 00:00:00,nodo_01,sensor,7.328,5.072,2.256,2.256,21.33,-1.97,13.13,False,normal,
2026-03-13 00:00:00,nodo_02,sensor,5.876,4.836,1.04,0.866,22.12,-1.97,13.13,True,alerta,
2026-03-13 06:00:00,nodo_01,sensor,7.337,4.997,2.34,2.34,20.58,-1.19,12.82,False,normal,
2026-03-13 06:00:00,nodo_02,sensor,5.887,4.884,1.003,0.99,25.24,-1.19,12.82,True,alerta,
2026-03-13 12:00:00,nodo_01,sensor,7.348,5.024,2.324,2.324,21.12,-1.92,13.21,False,normal,
2026-03-13 12:00:00,nodo_02,sensor,5.872,4.803,1.069,0.769,24.9,-1.92,13.21,True,alerta,
2026-03-13 18:00:00,nodo_01,sensor,7.376,4.948,2.428,2.428,19.17,-2.12,13.0,False,normal,
2026-03-13 18:00:00,nodo_02,sensor,5.843,4.766,1.077,0.745,25.43,-2.12,13.0,True,alerta,
2026-03-14 00:00:00,nodo_01,sensor,7.433,4.969,2.464,2.464,18.9,0.74,13.61,False,normal,
2026-03-14 00:00:00,nodo_02,sensor,5.925,4.911,1.014,0.952,23.53,0.74,13.61,True,alerta,
2026-03-14 06:00:00,nodo_01,sensor,7.423,4.988,2.435,2.435,20.86,-2.59,13.66,False,normal,
2026-03-14 06:00:00,nodo_02,sensor,5.883,4.802,1.081,0.729,27.05,-2.59,13.66,True,alerta,
2026-03-14 12:00:00,nodo_01,sensor,7.385,4.955,2.43,2.43,19.72,0.92,12.51,False,normal,
2026-03-14 12:00:00,nodo_02,sensor,5.908,4.896,1.012,0.961,24.39,0.92,12.51,True,alerta,
2026-03-14 18:00:00,nodo_01,sensor,7.386,5.074,2.312,2.312,20.12,-1.39,13.52,False,normal,
2026-03-14 18:00:00,nodo_02,sensor,5.86,4.795,1.065,0.784,26.18,-1.39,13.52,True,alerta,
2026-03-15 00:00:00,nodo_01,sensor,7.419,4.935,2.484,2.484,17.13,-2.26,13.07,False,normal,
2026-03-15 00:00:00,nodo_02,sensor,5.906,4.877,1.029,0.905,25.57,-2.26,13.07,True,alerta,
2026-03-15 06:00:00,nodo_01,sensor,7.358,4.957,2.401,2.401,20.07,-2.4,13.12,False,normal,
2026-03-15 06:00:00,nodo_02,sensor,5.851,4.802,1.049,0.837,25.3,-2.4,13.12,True,alerta,
2026-03-15 12:00:00,nodo_01,sensor,7.407,5.014,2.393,2.393,18.91,-0.03,13.24,False,normal,
2026-03-15 12:00:00,nodo_02,sensor,5.884,4.841,1.043,0.858,25.69,-0.03,13.24,True,alerta,
2026-03-15 18:00:00,nodo_01,sensor,7.351,5.029,2.322,2.322,18.86,-2.88,13.43,False,normal,
2026-03-15 18:00:00,nodo_02,sensor,5.817,4.787,1.03,0.898,25.45,-2.88,13.43,True,alerta,
2026-03-16 00:00:00,nodo_01,sensor,7.355,5.013,2.342,2.342,24.18,-1.06,13.53,False,normal,
2026-03-16 00:00:00,nodo_02,sensor,5.841,4.796,1.045,0.848,24.76,-1.06,13.53,True,alerta,
2026-03-16 06:00:00,nodo_01,sensor,7.423,4.944,2.479,2.479,20.79,-0.19,13.11,False,normal,
2026-03-16 06:00:00,nodo_02,sensor,5.941,4.876,1.065,1.065,16.3,-0.19,13.11,False,alerta,
2026-03-16 12:00:00,nodo_01,sensor,7.392,5.079,2.313,2.313,19.82,-2.26,13.31,False,normal,
2026-03-16 12:00:00,nodo_02,sensor,5.881,4.854,1.027,0.911,26.26,-2.26,13.31,True,alerta,
2026-03-16 18:00:00,nodo_01,sensor,7.387,5.104,2.283,2.283,21.31,-2.2,13.16,False,normal,
2026-03-16 18:00:00,nodo_02,sensor,5.868,4.81,1.058,0.808,24.76,-2.2,13.16,True,alerta,
2026-03-17 00:00:00,nodo_01,sensor,7.405,4.958,2.447,2.447,17.63,-2.67,12.64,False,normal,
2026-03-17 00:00:00,nodo_02,sensor,5.874,4.84,1.034,0.886,26.61,-2.67,12.64,True,alerta,
2026-03-17 06:00:00,nodo_01,sensor,7.332,5.057,2.275,2.275,20.51,-2.34,13.54,False,normal,
2026-03-17 06:00:00,nodo_02,sensor,5.864,4.814,1.05,0.832,28.78,-2.34,13.54,True,alerta,
2026-03-17 12:00:00,nodo_01,sensor,7.341,4.959,2.382,2.382,22.26,-2.67,13.43,False,normal,
2026-03-17 12:00:00,nodo_02,sensor,5.885,4.856,1.029,0.902,26.62,-2.67,13.43,True,alerta,
2026-03-17 18:00:00,nodo_01,sensor,7.36,5.019,2.341,2.341,21.14,-2.62,13.01,False,normal,
2026-03-17 18:00:00,nodo_02,sensor,5.846,4.787,1.059,0.803,27.41,-2.62,13.01,True,alerta,
2026-03-18 00:00:00,,boletin_oficial,,,,,,-2.52,13.24,,,3
2026-03-18 00:00:00,nodo_01,sensor,7.336,4.974,2.362,2.362,20.26,-3.2,13.41,False,normal,
2026-03-18 00:00:00,nodo_02,sensor,5.893,4.874,1.019,0.938,21.89,-3.2,13.41,True,alerta,
2026-03-18 06:00:00,nodo_01,sensor,7.449,5.006,2.443,2.443,20.16,-2.48,12.98,False,normal,
2026-03-18 06:00:00,nodo_02,sensor,5.897,4.859,1.038,0.873,25.71,-2.48,12.98,True,alerta,
2026-03-18 12:00:00,nodo_01,sensor,7.335,5.094,2.241,2.241,20.28,-2.52,12.98,False,normal,
2026-03-18 12:00:00,nodo_02,sensor,5.878,4.843,1.035,0.883,26.55,-2.52,12.98,True,alerta,
2026-03-18 18:00:00,nodo_01,sensor,7.328,5.076,2.252,2.252,19.76,-2.09,13.65,False,normal,
2026-03-18 18:00:00,nodo_02,sensor,5.866,4.841,1.025,0.917,22.89,-2.09,13.65,True,alerta,
2026-03-19 00:00:00,nodo_01,sensor,7.41,4.959,2.451,2.451,17.75,-2.79,13.53,False,normal,
2026-03-19 00:00:00,nodo_02,sensor,5.864,4.84,1.024,0.92,25.15,-2.79,13.53,True,alerta,
2026-03-19 06:00:00,nodo_01,sensor,7.355,5.035,2.32,2.32,22.77,-3.82,13.32,False,normal,
2026-03-19 06:00:00,nodo_02,sensor,5.896,4.869,1.027,0.909,23.72,-3.82,13.32,True,alerta,
2026-03-19 12:00:00,nodo_01,sensor,7.354,5.007,2.347,2.347,18.83,-2.6,13.39,False,normal,
2026-03-19 12:00:00,nodo_02,sensor,5.894,4.864,1.03,0.9,25.61,-2.6,13.39,True,alerta,
2026-03-19 18:00:00,nodo_01,sensor,7.35,5.005,2.345,2.345,19.62,-2.83,13.18,False,normal,
2026-03-19 18:00:00,nodo_02,sensor,5.917,4.867,1.05,1.05,19.14,-2.83,13.18,False,alerta,
2026-03-20 00:00:00,nodo_01,sensor,7.375,4.987,2.388,2.388,19.78,-3.32,13.42,False,normal,
2026-03-20 00:00:00,nodo_02,sensor,5.883,4.835,1.048,0.841,23.39,-3.32,13.42,True,alerta,
2026-03-20 06:00:00,nodo_01,sensor,7.397,4.944,2.453,2.453,19.21,-2.51,13.74,False,normal,
2026-03-20 06:00:00,nodo_02,sensor,5.89,4.875,1.015,0.951,26.44,-2.51,13.74,True,alerta,
2026-03-20 12:00:00,nodo_01,sensor,7.378,5.013,2.365,2.365,22.47,-2.92,13.07,False,normal,
2026-03-20 12:00:00,nodo_02,sensor,5.841,4.803,1.038,0.874,23.97,-2.92,13.07,True,alerta,
2026-03-20 18:00:00,nodo_01,sensor,7.399,4.991,2.408,2.408,19.22,-2.83,12.98,False,normal,
2026-03-20 18:00:00,nodo_02,sensor,5.903,4.884,1.019,0.938,23.26,-2.83,12.98,True,alerta,
2026-03-21 00:00:00,nodo_01,sensor,7.41,4.892,2.518,2.518,17.37,-2.7,12.95,False,normal,
2026-03-21 00:00:00,nodo_02,sensor,5.857,4.8,1.057,0.808,25.33,-2.7,12.95,True,alerta,
2026-03-21 06:00:00,nodo_01,sensor,7.377,4.914,2.463,2.463,17.98,-3.18,13.35,False,normal,
2026-03-21 06:00:00,nodo_02,sensor,5.89,4.854,1.036,0.881,25.1,-3.18,13.35,True,alerta,
2026-03-21 12:00:00,nodo_01,sensor,7.315,5.028,2.287,2.287,23.01,-3.59,13.4,False,normal,
2026-03-21 12:00:00,nodo_02,sensor,5.886,4.859,1.027,0.909,26.17,-3.59,13.4,True,alerta,
2026-03-21 18:00:00,nodo_01,sensor,7.411,5.051,2.36,2.36,17.24,-3.94,13.67,False,normal,
2026-03-21 18:00:00,nodo_02,sensor,5.822,4.778,1.044,0.853,25.41,-3.94,13.67,True,alerta,
2026-03-22 00:00:00,nodo_01,sensor,7.324,5.029,2.295,2.295,17.71,-3.29,13.45,False,normal,
2026-03-22 00:00:00,nodo_02,sensor,5.843,4.776,1.067,0.776,24.05,-3.29,13.45,True,alerta,
2026-03-22 06:00:00,nodo_01,sensor,7.379,5.009,2.37,2.37,18.71,-3.57,14.18,False,normal,
2026-03-22 06:00:00,nodo_02,sensor,5.885,4.859,1.026,0.914,25.56,-3.57,14.18,True,alerta,
2026-03-22 12:00:00,nodo_01,sensor,7.35,5.012,2.338,2.338,20.27,-3.9,13.68,False,normal,
2026-03-22 12:00:00,nodo_02,sensor,5.851,4.777,1.074,0.752,25.3,-3.9,13.68,True,alerta,
2026-03-22 18:00:00,nodo_01,sensor,7.389,5.049,2.34,2.34,20.93,-2.98,13.22,False,normal,
2026-03-22 18:00:00,nodo_02,sensor,5.823,4.781,1.042,0.859,25.0,-2.98,13.22,True,alerta,
2026-03-23 00:00:00,nodo_01,sensor,7.394,5.006,2.388,2.388,21.23,-3.83,13.33,False,normal,
2026-03-23 00:00:00,nodo_02,sensor,5.88,4.825,1.055,0.816,26.97,-3.83,13.33,True,alerta,
2026-03-23 06:00:00,nodo_01,sensor,7.379,5.01,2.369,2.369,20.41,-3.37,12.9,False,normal,
2026-03-23 06:00:00,nodo_02,sensor,5.828,4.793,1.035,0.882,26.95,-3.37,12.9,True,alerta,
2026-03-23 12:00:00,nodo_01,sensor,7.357,5.044,2.313,2.313,17.89,-2.92,13.38,False,normal,
2026-03-23 12:00:00,nodo_02,sensor,5.886,4.867,1.019,0.938,27.29,-2.92,13.38,True,alerta,
2026-03-23 18:00:00,nodo_01,sensor,7.409,5.01,2.399,2.399,21.55,-3.49,13.27,False,normal,
2026-03-23 18:00:00,nodo_02,sensor,5.821,4.763,1.058,0.808,26.71,-3.49,13.27,True,alerta,
2026-03-24 00:00:00,nodo_01,sensor,7.405,4.966,2.439,2.439,19.24,-3.16,13.43,False,normal,
2026-03-24 00:00:00,nodo_02,sensor,5.794,4.718,1.076,0.748,25.85,-3.16,13.43,True,alerta,
2026-03-24 06:00:00,nodo_01,sensor,7.411,4.974,2.437,2.437,19.37,-3.67,13.85,False,normal,
2026-03-24 06:00:00,nodo_02,sensor,5.855,4.832,1.023,0.922,24.0,-3.67,13.85,True,alerta,
2026-03-24 12:00:00,nodo_01,sensor,7.325,5.034,2.291,2.291,19.75,-4.3,13.05,False,normal,
2026-03-24 12:00:00,nodo_02,sensor,5.832,4.747,1.085,0.717,24.38,-4.3,13.05,True,alerta,
2026-03-24 18:00:00,nodo_01,sensor,7.374,5.123,2.251,2.251,19.04,-3.5,13.56,False,normal,
2026-03-24 18:00:00,nodo_02,sensor,5.849,4.813,1.036,0.88,24.54,-3.5,13.56,True,alerta,
2026-03-25 00:00:00,nodo_01,sensor,7.351,4.941,2.41,2.41,21.19,-3.8,13.38,False,normal,
2026-03-25 00:00:00,nodo_02,sensor,5.893,4.856,1.037,0.876,24.81,-3.8,13.38,True,alerta,
2026-03-25 06:00:00,nodo_01,sensor,7.411,5.09,2.321,2.321,19.08,-3.56,12.98,False,normal,
2026-03-25 06:00:00,nodo_02,sensor,5.853,4.805,1.048,0.839,25.88,-3.56,12.98,True,alerta,
2026-03-25 12:00:00,nodo_01,sensor,7.307,4.937,2.37,2.37,21.33,-4.02,13.46,False,normal,
2026-03-25 12:00:00,nodo_02,sensor,5.831,4.793,1.038,0.873,25.36,-4.02,13.46,True,alerta,
2026-03-25 18:00:00,nodo_01,sensor,7.36,5.059,2.301,2.301,23.79,-3.92,13.5,False,normal,
2026-03-25 18:00:00,nodo_02,sensor,5.845,4.806,1.039,0.869,26.94,-3.92,13.5,True,alerta,
2026-03-26 00:00:00,,boletin_oficial,,,,,,-2.96,13.01,,,4
2026-03-26 00:00:00,nodo_01,sensor,7.363,5.015,2.348,2.348,21.4,-4.41,13.58,False,normal,
2026-03-26 00:00:00,nodo_02,sensor,5.869,4.824,1.045,0.849,26.45,-4.41,13.58,True,alerta,
2026-03-26 06:00:00,nodo_01,sensor,7.408,5.032,2.376,2.376,19.75,-3.36,13.79,False,normal,
2026-03-26 06:00:00,nodo_02,sensor,5.871,4.814,1.057,0.811,24.15,-3.36,13.79,True,alerta,
2026-03-26 12:00:00,nodo_01,sensor,7.357,5.0,2.357,2.357,21.23,-3.66,13.56,False,normal,
2026-03-26 12:00:00,nodo_02,sensor,5.819,4.764,1.055,0.818,25.51,-3.66,13.56,True,alerta,
2026-03-26 18:00:00,nodo_01,sensor,7.355,5.011,2.344,2.344,20.37,-3.6,14.09,False,normal,
2026-03-26 18:00:00,nodo_02,sensor,5.911,4.886,1.025,0.916,25.79,-3.6,14.09,True,alerta,
2026-03-27 00:00:00,nodo_01,sensor,7.356,4.98,2.376,2.376,19.46,-3.83,13.58,False,normal,
2026-03-27 00:00:00,nodo_02,sensor,5.867,4.854,1.013,0.957,26.82,-3.83,13.58,True,alerta,
2026-03-27 06:00:00,nodo_01,sensor,7.405,4.997,2.408,2.408,19.17,-4.16,13.57,False,normal,
2026-03-27 06:00:00,nodo_02,sensor,5.915,4.911,1.004,0.987,22.08,-4.16,13.57,True,alerta,
2026-03-27 12:00:00,nodo_01,sensor,7.396,5.066,2.33,2.33,19.67,-3.72,13.75,False,normal,
2026-03-27 12:00:00,nodo_02,sensor,5.828,4.778,1.05,0.834,26.32,-3.72,13.75,True,alerta,
2026-03-27 18:00:00,nodo_01,sensor,7.352,5.012,2.34,2.34,19.64,-4.62,13.25,False,normal,
2026-03-27 18:00:00,nodo_02,sensor,5.864,4.842,1.022,0.927,27.54,-4.62,13.25,True,alerta,
2026-03-28 00:00:00,nodo_01,sensor,7.37,4.988,2.382,2.382,21.06,-3.85,13.46,False,normal,
2026-03-28 00:00:00,nodo_02,sensor,5.883,4.841,1.042,0.86,26.29,-3.85,13.46,True,alerta,
2026-03-28 06:00:00,nodo_01,sensor,7.357,5.072,2.285,2.285,18.99,-4.01,13.68,False,normal,
2026-03-28 06:00:00,nodo_02,sensor,5.914,4.889,1.025,0.916,23.23,-4.01,13.68,True,alerta,
2026-03-28 12:00:00,nodo_01,sensor,7.304,5.05,2.254,2.254,19.58,-7.74,13.64,False,normal,
2026-03-28 12:00:00,nodo_02,sensor,5.822,4.771,1.051,0.831,24.34,-7.74,13.64,True,alerta,
2026-03-28 18:00:00,nodo_01,sensor,7.376,5.021,2.355,2.355,18.55,-4.8,13.7,False,normal,
2026-03-28 18:00:00,nodo_02,sensor,5.851,4.806,1.045,0.851,23.64,-4.8,13.7,True,alerta,
2026-03-29 00:00:00,nodo_01,sensor,7.334,5.002,2.332,2.332,19.6,-3.99,14.02,False,normal,
2026-03-29 00:00:00,nodo_02,sensor,5.858,4.818,1.04,0.867,24.28,-3.99,14.02,True,alerta,
2026-03-29 06:00:00,nodo_01,sensor,7.318,5.029,2.289,2.289,22.1,-6.52,13.67,False,normal,
2026-03-29 06:00:00,nodo_02,sensor,5.863,4.821,1.042,0.86,24.4,-6.52,13.67,True,alerta,
2026-03-29 12:00:00,nodo_01,sensor,7.341,5.054,2.287,2.287,20.17,-4.12,13.69,False,normal,
2026-03-29 12:00:00,nodo_02,sensor,5.887,4.856,1.031,0.897,27.35,-4.12,13.69,True,alerta,
2026-03-29 18:00:00,nodo_01,sensor,7.344,4.976,2.368,2.368,19.52,-3.62,13.54,False,normal,
2026-03-29 18:00:00,nodo_02,sensor,5.877,4.832,1.045,0.851,24.51,-3.62,13.54,True,alerta,
2026-03-30 00:00:00,nodo_01,sensor,7.34,5.038,2.302,2.302,18.31,-3.16,13.46,False,normal,
2026-03-30 00:00:00,nodo_02,sensor,5.885,4.858,1.027,0.91,25.69,-3.16,13.46,True,alerta,
2026-03-30 06:00:00,nodo_01,sensor,7.337,5.032,2.305,2.305,19.28,-7.45,12.99,False,normal,
2026-03-30 06:00:00,nodo_02,sensor,5.873,4.853,1.02,0.934,23.18,-7.45,12.99,True,alerta,
2026-03-30 12:00:00,nodo_01,sensor,7.346,5.089,2.257,2.257,17.55,-5.05,14.09,False,normal,
2026-03-30 12:00:00,nodo_02,sensor,5.832,4.77,1.062,0.792,25.64,-5.05,14.09,True,alerta,
2026-03-30 18:00:00,nodo_01,sensor,7.343,5.02,2.323,2.323,20.74,-3.87,13.91,False,normal,
2026-03-30 18:00:00,nodo_02,sensor,5.869,4.838,1.031,0.897,24.37,-3.87,13.91,True,alerta,
2026-03-31 00:00:00,nodo_01,sensor,7.307,4.997,2.31,2.31,19.76,-4.37,13.42,False,normal,
2026-03-31 00:00:00,nodo_02,sensor,5.888,4.888,1.0,1.0,25.73,-4.37,13.42,True,alerta,
2026-03-31 06:00:00,nodo_01,sensor,7.314,5.058,2.256,2.256,19.3,-4.68,13.17,False,normal,
2026-03-31 06:00:00,nodo_02,sensor,5.864,4.824,1.04,0.866,26.09,-4.68,13.17,True,alerta,
2026-03-31 12:00:00,nodo_01,sensor,7.338,5.062,2.276,2.276,20.97,-5.41,13.58,False,normal,
2026-03-31 12:00:00,nodo_02,sensor,5.804,4.758,1.046,0.846,26.16,-5.41,13.58,True,alerta,
2026-03-31 18:00:00,nodo_01,sensor,7.364,5.022,2.342,2.342,21.55,-4.74,14.13,False,normal,
2026-03-31 18:00:00,nodo_02,sensor,5.86,4.822,1.038,0.873,25.08,-4.74,14.13,True,alerta,
2026-04-01 00:00:00,nodo_01,sensor,7.35,4.948,2.402,2.402,19.72,-4.63,13.31,False,normal,
2026-04-01 00:00:00,nodo_02,sensor,5.867,4.836,1.031,0.896,25.39,-4.63,13.31,True,alerta,
2026-04-01 06:00:00,nodo_01,sensor,7.36,4.855,2.505,2.505,23.13,-6.96,13.62,False,normal,
2026-04-01 06:00:00,nodo_02,sensor,5.826,4.757,1.069,0.771,23.82,-6.96,13.62,True,alerta,
2026-04-01 12:00:00,nodo_01,sensor,7.386,4.992,2.394,2.394,20.82,-4.61,13.32,False,normal,
2026-04-01 12:00:00,nodo_02,sensor,5.826,4.774,1.052,0.828,28.38,-4.61,13.32,True,alerta,
2026-04-01 18:00:00,nodo_01,sensor,7.386,5.059,2.327,2.327,20.96,-4.68,13.83,False,normal,
2026-04-01 18:00:00,nodo_02,sensor,5.819,4.74,1.079,0.737,23.66,-4.68,13.83,True,alerta,
2026-04-02 00:00:00,nodo_01,sensor,7.342,5.072,2.27,2.27,20.85,-6.84,13.45,False,normal,
2026-04-02 00:00:00,nodo_02,sensor,5.842,4.82,1.022,0.926,23.97,-6.84,13.45,True,alerta,
2026-04-02 06:00:00,nodo_01,sensor,7.345,5.069,2.276,2.276,19.77,-4.6,13.74,False,normal,
2026-04-02 06:00:00,nodo_02,sensor,5.858,4.818,1.04,0.867,25.4,-4.6,13.74,True,alerta,
2026-04-02 12:00:00,nodo_01,sensor,7.32,5.078,2.242,2.242,17.67,-5.39,13.03,False,normal,
2026-04-02 12:00:00,nodo_02,sensor,5.837,4.807,1.03,0.902,24.47,-5.39,13.03,True,alerta,
2026-04-02 18:00:00,nodo_01,sensor,7.315,5.113,2.202,2.202,21.47,-6.46,13.83,False,normal,
2026-04-02 18:00:00,nodo_02,sensor,5.826,4.811,1.015,0.951,28.81,-6.46,13.83,True,alerta,
2026-04-03 00:00:00,,boletin_oficial,,,,,,-3.77,13.23,,,5
2026-04-03 00:00:00,nodo_01,sensor,7.368,4.909,2.459,2.459,23.49,-7.53,13.07,False,normal,
2026-04-03 00:00:00,nodo_02,sensor,5.846,4.79,1.056,0.812,26.24,-7.53,13.07,True,alerta,
2026-04-03 06:00:00,nodo_01,sensor,7.356,4.997,2.359,2.359,18.87,-4.68,13.62,False,normal,
2026-04-03 06:00:00,nodo_02,sensor,5.845,4.824,1.021,0.93,25.23,-4.68,13.62,True,alerta,
2026-04-03 12:00:00,nodo_01,sensor,7.296,5.02,2.276,2.276,22.27,-4.64,13.35,False,normal,
2026-04-03 12:00:00,nodo_02,sensor,5.877,4.849,1.028,0.907,22.99,-4.64,13.35,True,alerta,
2026-04-03 18:00:00,nodo_01,sensor,7.336,4.933,2.403,2.403,19.1,-6.68,13.24,False,normal,
2026-04-03 18:00:00,nodo_02,sensor,5.843,4.82,1.023,0.923,26.04,-6.68,13.24,True,alerta,
2026-04-04 00:00:00,nodo_01,sensor,7.337,5.003,2.334,2.334,20.71,-4.54,13.52,False,normal,
2026-04-04 00:00:00,nodo_02,sensor,5.859,4.799,1.06,0.799,25.95,-4.54,13.52,True,alerta,
2026-04-04 06:00:00,nodo_01,sensor,7.304,5.087,2.217,2.217,18.13,-5.42,13.34,False,normal,
2026-04-04 06:00:00,nodo_02,sensor,5.825,4.783,1.042,0.861,26.72,-5.42,13.34,True,alerta,
2026-04-04 12:00:00,nodo_01,sensor,7.363,4.961,2.402,2.402,23.33,-4.45,13.3,False,normal,
2026-04-04 12:00:00,nodo_02,sensor,5.818,4.756,1.062,0.792,24.27,-4.45,13.3,True,alerta,
2026-04-04 18:00:00,nodo_01,sensor,7.348,4.993,2.355,2.355,21.45,-5.29,13.5,False,normal,
2026-04-04 18:00:00,nodo_02,sensor,5.913,4.895,1.018,0.941,23.32,-5.29,13.5,True,alerta,
2026-04-05 00:00:00,nodo_01,sensor,7.361,4.961,2.4,2.4,17.85,-5.12,13.55,False,normal,
2026-04-05 00:00:00,nodo_02,sensor,5.791,4.714,1.077,0.742,27.03,-5.12,13.55,True,alerta,
2026-04-05 06:00:00,nodo_01,sensor,7.338,4.99,2.348,2.348,19.13,-5.06,14.04,False,normal,
2026-04-05 06:00:00,nodo_02,sensor,5.819,4.774,1.045,0.851,23.54,-5.06,14.04,True,alerta,
2026-04-05 12:00:00,nodo_01,sensor,7.314,5.035,2.279,2.279,21.55,-6.7,13.56,False,normal,
2026-04-05 12:00:00,nodo_02,sensor,5.836,4.78,1.056,0.813,28.55,-6.7,13.56,True,alerta,
2026-04-05 18:00:00,nodo_01,sensor,7.401,5.021,2.38,2.38,18.94,-4.87,13.19,False,normal,
2026-04-05 18:00:00,nodo_02,sensor,5.85,4.797,1.053,0.822,25.49,-4.87,13.19,True,alerta,
2026-04-06 00:00:00,nodo_01,sensor,7.315,5.004,2.311,2.311,22.38,-5.8,13.75,False,normal,
2026-04-06 00:00:00,nodo_02,sensor,5.833,4.763,1.07,0.767,23.55,-5.8,13.75,True,alerta,
2026-04-06 06:00:00,nodo_01,sensor,7.378,5.007,2.371,2.371,23.48,-5.87,13.46,False,normal,
2026-04-06 06:00:00,nodo_02,sensor,5.853,4.806,1.047,0.843,24.91,-5.87,13.46,True,alerta,
2026-04-06 12:00:00,nodo_01,sensor,7.309,4.956,2.353,2.353,18.94,-5.87,13.73,False,normal,
2026-04-06 12:00:00,nodo_02,sensor,5.834,4.783,1.051,0.83,26.44,-5.87,13.73,True,alerta,
2026-04-06 18:00:00,nodo_01,sensor,7.352,5.125,2.227,2.227,19.99,-5.95,12.91,False,normal,
2026-04-06 18:00:00,nodo_02,sensor,5.866,4.825,1.041,0.862,25.23,-5.95,12.91,True,alerta,
2026-04-07 00:00:00,nodo_01,sensor,7.332,4.988,2.344,2.344,18.22,-5.32,13.75,False,normal,
2026-04-07 00:00:00,nodo_02,sensor,5.836,4.802,1.034,0.888,27.34,-5.32,13.75,True,alerta,
2026-04-07 06:00:00,nodo_01,sensor,7.348,5.041,2.307,2.307,22.09,-5.15,13.71,False,normal,
2026-04-07 06:00:00,nodo_02,sensor,5.865,4.824,1.041,0.864,23.41,-5.15,13.71,True,alerta,
2026-04-07 12:00:00,nodo_01,sensor,7.358,5.003,2.355,2.355,17.3,-5.77,13.27,False,normal,
2026-04-07 12:00:00,nodo_02,sensor,5.823,4.813,1.01,0.967,25.81,-5.77,13.27,True,alerta,
2026-04-07 18:00:00,nodo_01,sensor,7.385,5.061,2.324,2.324,19.68,-6.12,13.75,False,normal,
2026-04-07 18:00:00,nodo_02,sensor,5.884,4.847,1.037,0.877,24.87,-6.12,13.75,True,alerta,
2026-04-08 00:00:00,nodo_01,sensor,7.33,4.965,2.365,2.365,20.45,-5.93,13.45,False,normal,
2026-04-08 00:00:00,nodo_02,sensor,5.822,4.768,1.054,0.821,24.28,-5.93,13.45,True,alerta,
2026-04-08 06:00:00,nodo_01,sensor,7.373,4.926,2.447,2.447,16.17,-5.56,13.93,False,normal,
2026-04-08 06:00:00,nodo_02,sensor,5.872,4.854,1.018,0.94,25.04,-5.56,13.93,True,alerta,
2026-04-08 12:00:00,nodo_01,sensor,7.373,5.038,2.335,2.335,19.96,-5.29,13.48,False,normal,
2026-04-08 12:00:00,nodo_02,sensor,5.842,4.8,1.042,0.862,25.35,-5.29,13.48,True,alerta,
2026-04-08 18:00:00,nodo_01,sensor,7.295,5.009,2.286,2.286,19.98,-6.03,13.69,False,normal,
2026-04-08 18:00:00,nodo_02,sensor,5.857,4.812,1.045,0.851,23.92,-6.03,13.69,True,alerta,
2026-04-09 00:00:00,,boletin_oficial,,,,,,-6.56,13.65,,,4
2026-04-09 00:00:00,nodo_01,sensor,7.372,4.957,2.415,2.415,16.55,-6.33,13.57,False,normal,
2026-04-09 00:00:00,nodo_02,sensor,5.823,4.783,1.04,0.867,21.96,-6.33,13.57,True,alerta,
2026-04-09 06:00:00,nodo_01,sensor,7.32,5.091,2.229,2.229,21.02,-6.16,13.89,False,normal,
2026-04-09 06:00:00,nodo_02,sensor,5.824,4.739,1.085,0.716,24.47,-6.16,13.89,True,alerta,
2026-04-09 12:00:00,nodo_01,sensor,7.323,5.008,2.315,2.315,18.21,-5.81,13.82,False,normal,
2026-04-09 12:00:00,nodo_02,sensor,5.844,4.796,1.048,0.84,27.96,-5.81,13.82,True,alerta,
2026-04-09 18:00:00,nodo_01,sensor,7.298,4.951,2.347,2.347,21.8,-6.11,13.63,False,normal,
2026-04-09 18:00:00,nodo_02,sensor,5.819,4.78,1.039,0.871,26.18,-6.11,13.63,True,alerta,
2026-04-10 00:00:00,nodo_01,sensor,7.318,5.044,2.274,2.274,20.91,-5.89,13.37,False,normal,
2026-04-10 00:00:00,nodo_02,sensor,5.88,4.863,1.017,0.943,24.62,-5.89,13.37,True,alerta,
2026-04-10 06:00:00,nodo_01,sensor,7.371,5.108,2.263,2.263,19.03,-4.27,13.75,False,normal,
2026-04-10 06:00:00,nodo_02,sensor,5.885,4.85,1.035,0.882,25.78,-4.27,13.75,True,alerta,
2026-04-10 12:00:00,nodo_01,sensor,7.317,5.018,2.299,2.299,20.84,-5.78,13.76,False,normal,
2026-04-10 12:00:00,nodo_02,sensor,5.836,4.796,1.04,0.866,23.45,-5.78,13.76,True,alerta,
2026-04-10 18:00:00,nodo_01,sensor,7.34,4.986,2.354,2.354,20.46,-5.29,13.25,False,normal,
2026-04-10 18:00:00,nodo_02,sensor,5.872,4.821,1.051,0.829,24.5,-5.29,13.25,True,alerta,
2026-04-11 00:00:00,nodo_01,sensor,7.378,4.993,2.385,2.385,21.33,-5.81,13.34,False,normal,
2026-04-11 00:00:00,nodo_02,sensor,5.864,4.839,1.025,0.916,26.13,-5.81,13.34,True,alerta,
2026-04-11 06:00:00,nodo_01,sensor,7.324,5.029,2.295,2.295,21.86,-6.03,13.39,False,normal,
2026-04-11 06:00:00,nodo_02,sensor,5.84,4.787,1.053,0.825,27.93,-6.03,13.39,True,alerta,
2026-04-11 12:00:00,nodo_01,sensor,7.385,5.031,2.354,2.354,20.49,-6.98,13.61,False,normal,
2026-04-11 12:00:00,nodo_02,sensor,5.857,4.823,1.034,0.888,26.09,-6.98,13.61,True,alerta,
2026-04-11 18:00:00,nodo_01,sensor,7.319,5.029,2.29,2.29,22.5,-6.35,13.33,False,normal,
2026-04-11 18:00:00,nodo_02,sensor,5.848,4.82,1.028,0.908,26.04,-6.35,13.33,True,alerta,
2026-04-12 00:00:00,nodo_01,sensor,7.295,4.945,2.35,2.35,19.32,-6.19,14.03,False,normal,
2026-04-12 00:00:00,nodo_02,sensor,5.813,4.769,1.044,0.854,22.23,-6.19,14.03,True,alerta,
2026-04-12 06:00:00,nodo_01,sensor,7.295,4.912,2.383,2.383,17.71,-6.25,13.87,False,normal,
2026-04-12 06:00:00,nodo_02,sensor,5.875,4.846,1.029,0.903,29.21,-6.25,13.87,True,alerta,
2026-04-12 12:00:00,nodo_01,sensor,7.393,5.094,2.299,2.299,22.45,-6.32,13.38,False,normal,
2026-04-12 12:00:00,nodo_02,sensor,5.865,4.834,1.031,0.896,26.62,-6.32,13.38,True,alerta,
2026-04-12 18:00:00,nodo_01,sensor,7.327,4.977,2.35,2.35,21.04,-6.74,13.59,False,normal,
2026-04-12 18:00:00,nodo_02,sensor,5.861,4.818,1.043,0.857,27.59,-6.74,13.59,True,alerta,
2026-04-13 00:00:00,nodo_01,sensor,7.309,4.993,2.316,2.316,20.72,-6.62,13.33,False,normal,
2026-04-13 00:00:00,nodo_02,sensor,5.793,4.728,1.065,0.784,26.24,-6.62,13.33,True,alerta,
2026-04-13 06:00:00,nodo_01,sensor,7.333,4.952,2.381,2.381,19.44,-6.0,13.77,False,normal,
2026-04-13 06:00:00,nodo_02,sensor,5.873,4.807,1.066,0.779,27.69,-6.0,13.77,True,alerta,
2026-04-13 12:00:00,nodo_01,sensor,7.313,5.039,2.274,2.274,17.16,-7.09,13.24,False,normal,
2026-04-13 12:00:00,nodo_02,sensor,5.834,4.769,1.065,0.782,25.08,-7.09,13.24,True,alerta,
2026-04-13 18:00:00,nodo_01,sensor,7.301,4.856,2.445,2.445,19.96,-6.36,13.43,False,normal,
2026-04-13 18:00:00,nodo_02,sensor,5.89,4.832,1.058,0.807,24.69,-6.36,13.43,True,alerta,
2026-04-14 00:00:00,,boletin_oficial,,,,,,-6.16,13.48,,,2
2026-04-14 00:00:00,nodo_01,sensor,7.347,4.971,2.376,2.376,20.53,-6.46,13.27,False,normal,
2026-04-14 00:00:00,nodo_02,sensor,5.839,4.805,1.034,0.888,24.04,-6.46,13.27,True,alerta,
2026-04-14 06:00:00,nodo_01,sensor,7.36,4.96,2.4,2.4,22.24,-6.73,13.71,False,normal,
2026-04-14 06:00:00,nodo_02,sensor,5.825,4.773,1.052,0.826,24.25,-6.73,13.71,True,alerta,
2026-04-14 12:00:00,nodo_01,sensor,7.308,4.949,2.359,2.359,20.37,-3.92,13.26,False,normal,
2026-04-14 12:00:00,nodo_02,sensor,5.863,4.811,1.052,0.828,25.52,-3.92,13.26,True,alerta,
2026-04-14 18:00:00,nodo_01,sensor,7.378,4.937,2.441,2.441,20.44,-4.57,13.44,False,normal,
2026-04-14 18:00:00,nodo_02,sensor,5.814,4.751,1.063,0.791,25.32,-4.57,13.44,True,alerta,
2026-04-15 00:00:00,nodo_01,sensor,7.316,4.973,2.343,2.343,20.95,-7.07,13.5,False,normal,
2026-04-15 00:00:00,nodo_02,sensor,5.816,4.746,1.07,0.765,29.37,-7.07,13.5,True,alerta,
2026-04-15 06:00:00,nodo_01,sensor,7.368,4.982,2.386,2.386,18.76,-3.76,13.81,False,normal,
2026-04-15 06:00:00,nodo_02,sensor,5.865,4.841,1.024,0.919,20.99,-3.76,13.81,True,alerta,
2026-04-15 12:00:00,nodo_01,sensor,7.383,4.948,2.435,2.435,18.93,-7.0,14.2,False,normal,
2026-04-15 12:00:00,nodo_02,sensor,5.832,4.761,1.071,0.762,25.46,-7.0,14.2,True,alerta,
2026-04-15 18:00:00,nodo_01,sensor,7.314,4.952,2.362,2.362,20.18,-7.12,13.36,False,normal,
2026-04-15 18:00:00,nodo_02,sensor,5.878,4.837,1.041,0.862,25.0,-7.12,13.36,True,alerta,
2026-04-16 00:00:00,nodo_01,sensor,7.339,4.998,2.341,2.341,19.91,-7.04,13.75,False,normal,
2026-04-16 00:00:00,nodo_02,sensor,5.808,4.749,1.059,0.804,26.7,-7.04,13.75,True,alerta,
2026-04-16 06:00:00,nodo_01,sensor,7.319,5.057,2.262,2.262,20.17,-6.82,13.37,False,normal,
2026-04-16 06:00:00,nodo_02,sensor,5.789,4.712,1.077,0.743,24.37,-6.82,13.37,True,alerta,
2026-04-16 12:00:00,nodo_01,sensor,7.358,4.99,2.368,2.368,18.17,-6.5,13.76,False,normal,
2026-04-16 12:00:00,nodo_02,sensor,5.839,4.776,1.063,0.79,26.36,-6.5,13.76,True,alerta,
2026-04-16 18:00:00,nodo_01,sensor,7.3,5.021,2.279,2.279,23.09,-7.15,13.48,False,normal,
2026-04-16 18:00:00,nodo_02,sensor,5.796,4.734,1.062,0.795,27.49,-7.15,13.48,True,alerta,
2026-04-17 00:00:00,nodo_01,sensor,7.365,5.072,2.293,2.293,18.22,-6.94,13.59,False,normal,
2026-04-17 00:00:00,nodo_02,sensor,5.823,4.769,1.054,0.821,24.97,-6.94,13.59,True,alerta,
2026-04-17 06:00:00,nodo_01,sensor,7.337,4.982,2.355,2.355,20.51,-6.86,13.7,False,normal,
2026-04-17 06:00:00,nodo_02,sensor,5.823,4.767,1.056,0.815,27.35,-6.86,13.7,True,alerta,
2026-04-17 12:00:00,nodo_01,sensor,7.323,5.065,2.258,2.258,19.86,-7.25,13.01,False,normal,
2026-04-17 12:00:00,nodo_02,sensor,5.76,4.695,1.065,0.785,26.86,-7.25,13.01,True,alerta,
2026-04-17 18:00:00,nodo_01,sensor,7.325,4.982,2.343,2.343,19.41,-6.83,13.76,False,normal,
2026-04-17 18:00:00,nodo_02,sensor,5.804,4.721,1.083,0.723,24.89,-6.83,13.76,True,alerta,
2026-04-18 00:00:00,nodo_01,sensor,7.319,5.061,2.258,2.258,20.06,-7.81,13.97,False,normal,
2026-04-18 00:00:00,nodo_02,sensor,5.826,4.768,1.058,0.807,24.19,-7.81,13.97,True,alerta,
2026-04-18 06:00:00,nodo_01,sensor,7.334,4.987,2.347,2.347,20.88,-7.42,13.66,False,normal,
2026-04-18 06:00:00,nodo_02,sensor,5.812,4.743,1.069,0.768,23.36,-7.42,13.66,True,alerta,
2026-04-18 12:00:00,nodo_01,sensor,7.35,4.934,2.416,2.416,21.09,-8.05,13.64,False,normal,
2026-04-18 12:00:00,nodo_02,sensor,5.84,4.81,1.03,0.901,26.63,-8.05,13.64,True,alerta,
2026-04-18 18:00:00,nodo_01,sensor,7.326,4.951,2.375,2.375,21.66,-7.04,14.17,False,normal,
2026-04-18 18:00:00,nodo_02,sensor,5.826,4.806,1.02,0.935,26.65,-7.04,14.17,True,alerta,
2026-04-19 00:00:00,nodo_01,sensor,7.319,5.021,2.298,2.298,19.35,-7.43,13.32,False,normal,
2026-04-19 00:00:00,nodo_02,sensor,5.848,4.799,1.049,0.838,25.85,-7.43,13.32,True,alerta,
2026-04-19 06:00:00,nodo_01,sensor,7.306,5.04,2.266,2.266,20.55,-7.76,13.92,False,normal,
2026-04-19 06:00:00,nodo_02,sensor,5.878,4.845,1.033,0.889,24.85,-7.76,13.92,True,alerta,
2026-04-19 12:00:00,nodo_01,sensor,7.298,5.039,2.259,2.259,21.58,-5.41,13.51,False,normal,
2026-04-19 12:00:00,nodo_02,sensor,5.82,4.76,1.06,0.799,26.72,-5.41,13.51,True,alerta,
2026-04-19 18:00:00,nodo_01,sensor,7.327,5.058,2.269,2.269,18.61,-7.5,13.55,False,normal,
2026-04-19 18:00:00,nodo_02,sensor,5.832,4.767,1.065,0.783,26.13,-7.5,13.55,True,alerta,
2026-04-20 00:00:00,nodo_01,sensor,7.273,4.966,2.307,2.307,22.21,-7.24,14.4,False,normal,
2026-04-20 00:00:00,nodo_02,sensor,5.817,4.749,1.068,0.773,25.72,-7.24,14.4,True,alerta,
2026-04-20 06:00:00,nodo_01,sensor,7.38,5.037,2.343,2.343,20.11,-6.89,13.99,False,normal,
2026-04-20 06:00:00,nodo_02,sensor,5.783,4.722,1.061,0.795,24.11,-6.89,13.99,True,alerta,
2026-04-20 12:00:00,nodo_01,sensor,7.37,5.031,2.339,2.339,23.44,-7.41,13.64,False,normal,
2026-04-20 12:00:00,nodo_02,sensor,5.829,4.779,1.05,0.834,25.1,-7.41,13.64,True,alerta,
2026-04-20 18:00:00,nodo_01,sensor,7.309,4.965,2.344,2.344,17.89,-7.86,13.59,False,normal,
2026-04-20 18:00:00,nodo_02,sensor,5.819,4.787,1.032,0.894,26.52,-7.86,13.59,True,alerta,
2026-04-21 00:00:00,nodo_01,sensor,7.355,4.971,2.384,2.384,20.72,-7.73,13.6,False,normal,
2026-04-21 00:00:00,nodo_02,sensor,5.905,4.871,1.034,0.886,25.1,-7.73,13.6,True,alerta,
2026-04-21 06:00:00,nodo_01,sensor,7.314,4.96,2.354,2.354,21.61,-7.6,13.37,False,normal,
2026-04-21 06:00:00,nodo_02,sensor,5.825,4.744,1.081,0.73,25.28,-7.6,13.37,True,alerta,
2026-04-21 12:00:00,nodo_01,sensor,7.28,4.907,2.373,2.373,21.25,-7.88,13.4,False,normal,
2026-04-21 12:00:00,nodo_02,sensor,5.816,4.749,1.067,0.777,27.67,-7.88,13.4,True,alerta,
2026-04-21 18:00:00,nodo_01,sensor,7.369,5.045,2.324,2.324,19.6,-7.96,13.64,False,normal,
2026-04-21 18:00:00,nodo_02,sensor,5.794,4.764,1.03,0.902,24.3,-7.96,13.64,True,alerta,
2026-04-22 00:00:00,,boletin_oficial,,,,,,-7.41,13.51,,,3
2026-04-22 00:00:00,nodo_01,sensor,7.364,4.992,2.372,2.372,21.84,-5.13,13.44,False,normal,
2026-04-22 00:00:00,nodo_02,sensor,5.883,4.83,1.053,0.824,22.77,-5.13,13.44,True,alerta,
2026-04-22 06:00:00,nodo_01,sensor,7.373,5.014,2.359,2.359,19.08,-5.58,13.66,False,normal,
2026-04-22 06:00:00,nodo_02,sensor,5.855,4.829,1.026,0.912,25.54,-5.58,13.66,True,alerta,
2026-04-22 12:00:00,nodo_01,sensor,7.414,4.976,2.438,2.438,17.06,-6.68,13.4,False,normal,
2026-04-22 12:00:00,nodo_02,sensor,5.855,4.799,1.056,0.812,27.31,-6.68,13.4,True,alerta,
2026-04-22 18:00:00,nodo_01,sensor,7.282,5.046,2.236,2.236,21.5,-8.17,14.12,False,normal,
2026-04-22 18:00:00,nodo_02,sensor,5.798,4.717,1.081,0.728,25.0,-8.17,14.12,True,alerta,
2026-04-23 00:00:00,nodo_01,sensor,7.258,5.059,2.199,2.199,22.38,-8.68,13.38,False,normal,
2026-04-23 00:00:00,nodo_02,sensor,5.837,4.803,1.034,0.886,27.6,-8.68,13.38,True,alerta,
2026-04-23 06:00:00,nodo_01,sensor,7.306,5.039,2.267,2.267,21.97,-8.43,13.52,False,normal,
2026-04-23 06:00:00,nodo_02,sensor,5.858,4.824,1.034,0.886,25.06,-8.43,13.52,True,alerta,
2026-04-23 12:00:00,nodo_01,sensor,7.275,5.064,2.211,2.211,22.84,-7.58,13.23,False,normal,
2026-04-23 12:00:00,nodo_02,sensor,5.81,4.754,1.056,0.812,23.66,-7.58,13.23,True,alerta,
2026-04-23 18:00:00,nodo_01,sensor,7.322,4.995,2.327,2.327,19.87,-6.49,13.59,False,normal,
2026-04-23 18:00:00,nodo_02,sensor,5.824,4.775,1.049,0.837,27.77,-6.49,13.59,True,alerta,
2026-04-24 00:00:00,nodo_01,sensor,7.326,5.045,2.281,2.281,17.69,-8.14,13.65,False,normal,
2026-04-24 00:00:00,nodo_02,sensor,5.774,4.698,1.076,0.748,22.32,-8.14,13.65,True,alerta,
2026-04-24 06:00:00,nodo_01,sensor,7.345,5.025,2.32,2.32,17.3,-7.44,14.25,False,normal,
2026-04-24 06:00:00,nodo_02,sensor,5.809,4.764,1.045,0.848,24.44,-7.44,14.25,True,alerta,
2026-04-24 12:00:00,nodo_01,sensor,7.325,5.025,2.3,2.3,21.44,-7.68,13.32,False,normal,
2026-04-24 12:00:00,nodo_02,sensor,5.768,4.701,1.067,0.777,23.71,-7.68,13.32,True,alerta,
2026-04-24 18:00:00,nodo_01,sensor,7.341,5.098,2.243,2.243,18.16,-9.22,13.5,False,normal,
2026-04-24 18:00:00,nodo_02,sensor,5.823,4.777,1.046,0.846,25.22,-9.22,13.5,True,alerta,
2026-04-25 00:00:00,nodo_01,sensor,7.319,5.088,2.231,2.231,19.46,-8.86,13.65,False,normal,
2026-04-25 00:00:00,nodo_02,sensor,5.82,4.776,1.044,0.853,26.68,-8.86,13.65,True,alerta,
2026-04-25 06:00:00,nodo_01,sensor,7.352,4.997,2.355,2.355,17.34,-8.14,13.57,False,normal,
2026-04-25 06:00:00,nodo_02,sensor,5.856,4.826,1.03,0.901,24.39,-8.14,13.57,True,alerta,
2026-04-25 12:00:00,nodo_01,sensor,7.399,4.987,2.412,2.412,21.79,-8.23,12.85,False,normal,
2026-04-25 12:00:00,nodo_02,sensor,5.808,4.744,1.064,0.787,27.61,-8.23,12.85,True,alerta,
2026-04-25 18:00:00,nodo_01,sensor,7.31,5.057,2.253,2.253,20.89,-8.44,13.53,False,normal,
2026-04-25 18:00:00,nodo_02,sensor,5.727,4.635,1.092,0.694,25.67,-8.44,13.53,True,alerta,
2026-04-26 00:00:00,nodo_01,sensor,7.355,5.055,2.3,2.3,19.39,-7.34,13.5,False,normal,
2026-04-26 00:00:00,nodo_02,sensor,5.804,4.728,1.076,0.747,24.58,-7.34,13.5,True,alerta,
2026-04-26 06:00:00,nodo_01,sensor,7.341,5.026,2.315,2.315,19.04,-8.06,13.73,False,normal,
2026-04-26 06:00:00,nodo_02,sensor,5.832,4.77,1.062,0.792,26.51,-8.06,13.73,True,alerta,
2026-04-26 12:00:00,nodo_01,sensor,7.295,5.011,2.284,2.284,18.77,-8.24,13.71,False,normal,
2026-04-26 12:00:00,nodo_02,sensor,5.817,4.787,1.03,0.899,22.93,-8.24,13.71,True,alerta,
2026-04-26 18:00:00,nodo_01,sensor,7.254,5.011,2.243,2.243,20.0,-8.93,13.48,False,normal,
2026-04-26 18:00:00,nodo_02,sensor,5.786,4.712,1.074,0.753,26.78,-8.93,13.48,True,alerta,
2026-04-27 00:00:00,nodo_01,sensor,7.282,4.962,2.32,2.32,21.31,-8.84,13.35,False,normal,
2026-04-27 00:00:00,nodo_02,sensor,5.793,4.733,1.06,0.801,26.43,-8.84,13.35,True,alerta,
2026-04-27 06:00:00,nodo_01,sensor,7.332,4.938,2.394,2.394,20.09,-8.69,12.97,False,normal,
2026-04-27 06:00:00,nodo_02,sensor,5.821,4.747,1.074,0.753,23.41,-8.69,12.97,True,alerta,
2026-04-27 12:00:00,nodo_01,sensor,7.375,4.935,2.44,2.44,19.03,-9.1,13.87,False,normal,
2026-04-27 12:00:00,nodo_02,sensor,5.815,4.776,1.039,0.87,26.55,-9.1,13.87,True,alerta,
2026-04-27 18:00:00,nodo_01,sensor,7.347,5.138,2.209,2.209,20.59,-8.47,13.72,False,normal,
2026-04-27 18:00:00,nodo_02,sensor,5.8,4.74,1.06,0.801,22.72,-8.47,13.72,True,alerta,
2026-04-28 00:00:00,nodo_01,sensor,7.296,5.001,2.295,2.295,21.43,-8.57,13.28,False,normal,
2026-04-28 00:00:00,nodo_02,sensor,5.783,4.731,1.052,0.826,27.06,-8.57,13.28,True,alerta,
2026-04-28 06:00:00,nodo_01,sensor,7.285,5.044,2.241,2.241,20.39,-10.12,13.32,False,normal,
2026-04-28 06:00:00,nodo_02,sensor,5.805,4.734,1.071,0.762,25.17,-10.12,13.32,True,alerta,
2026-04-28 12:00:00,nodo_01,sensor,7.359,4.934,2.425,2.425,20.78,-8.8,14.16,False,normal,
2026-04-28 12:00:00,nodo_02,sensor,5.788,4.722,1.066,0.778,25.48,-8.8,14.16,True,alerta,
2026-04-28 18:00:00,nodo_01,sensor,7.294,4.984,2.31,2.31,20.92,-8.78,13.62,False,normal,
2026-04-28 18:00:00,nodo_02,sensor,5.848,4.804,1.044,0.855,24.7,-8.78,13.62,True,alerta,
2026-04-29 00:00:00,nodo_01,sensor,7.257,4.99,2.267,2.267,17.89,-9.98,13.56,False,normal,
2026-04-29 00:00:00,nodo_02,sensor,5.758,4.667,1.091,0.696,24.89,-9.98,13.56,True,alerta,
2026-04-29 06:00:00,nodo_01,sensor,7.345,4.996,2.349,2.349,21.01,-8.64,13.21,False,normal,
2026-04-29 06:00:00,nodo_02,sensor,5.781,4.739,1.042,0.859,26.6,-8.64,13.21,True,alerta,
2026-04-29 12:00:00,nodo_01,sensor,7.334,4.932,2.402,2.402,22.32,-9.83,13.8,False,normal,
2026-04-29 12:00:00,nodo_02,sensor,5.779,4.71,1.069,0.769,25.15,-9.83,13.8,True,alerta,
2026-04-29 18:00:00,nodo_01,sensor,7.309,4.95,2.359,2.359,21.11,-9.18,13.5,False,normal,
2026-04-29 18:00:00,nodo_02,sensor,5.793,4.734,1.059,0.804,23.88,-9.18,13.5,True,alerta,
2026-04-30 00:00:00,nodo_01,sensor,7.311,5.001,2.31,2.31,20.81,-8.69,12.82,False,normal,
2026-04-30 00:00:00,nodo_02,sensor,5.812,4.725,1.087,0.711,25.7,-8.69,12.82,True,alerta,
2026-04-30 06:00:00,nodo_01,sensor,7.315,5.077,2.238,2.238,19.64,-8.82,13.33,False,normal,
2026-04-30 06:00:00,nodo_02,sensor,5.818,4.749,1.069,0.769,24.26,-8.82,13.33,True,alerta,
2026-04-30 12:00:00,nodo_01,sensor,7.332,4.932,2.4,2.4,21.01,-9.72,13.62,False,normal,
2026-04-30 12:00:00,nodo_02,sensor,5.823,4.804,1.019,0.937,23.97,-9.72,13.62,True,alerta,
2026-04-30 18:00:00,nodo_01,sensor,7.284,4.96,2.324,2.324,22.51,-9.36,13.49,False,normal,
2026-04-30 18:00:00,nodo_02,sensor,5.803,4.754,1.049,0.838,25.31,-9.36,13.49,True,alerta,
2026-05-01 00:00:00,,boletin_oficial,,,,,,-8.08,13.57,,,5
2026-05-01 00:00:00,nodo_01,sensor,7.302,4.967,2.335,2.335,19.01,-9.22,13.55,False,normal,
2026-05-01 00:00:00,nodo_02,sensor,5.79,4.722,1.068,0.773,23.88,-9.22,13.55,True,alerta,
2026-05-01 06:00:00,nodo_01,sensor,7.316,4.982,2.334,2.334,18.05,-9.34,13.96,False,normal,
2026-05-01 06:00:00,nodo_02,sensor,5.854,4.828,1.026,0.913,26.65,-9.34,13.96,True,alerta,
2026-05-01 12:00:00,nodo_01,sensor,7.298,4.908,2.39,2.39,20.5,-9.37,13.47,False,normal,
2026-05-01 12:00:00,nodo_02,sensor,5.825,4.789,1.036,0.879,25.14,-9.37,13.47,True,alerta,
2026-05-01 18:00:00,nodo_01,sensor,7.304,4.919,2.385,2.385,19.21,-9.6,13.71,False,normal,
2026-05-01 18:00:00,nodo_02,sensor,5.811,4.742,1.069,0.769,24.45,-9.6,13.71,True,alerta,
2026-05-02 00:00:00,nodo_01,sensor,7.292,4.996,2.296,2.296,19.7,-9.15,12.96,False,normal,
2026-05-02 00:00:00,nodo_02,sensor,5.772,4.697,1.075,0.75,25.93,-9.15,12.96,True,alerta,
2026-05-02 06:00:00,nodo_01,sensor,7.289,4.919,2.37,2.37,18.93,-9.78,13.63,False,normal,
2026-05-02 06:00:00,nodo_02,sensor,5.807,4.747,1.06,0.799,25.44,-9.78,13.63,True,alerta,
2026-05-02 12:00:00,nodo_01,sensor,7.303,5.029,2.274,2.274,19.87,-9.74,13.35,False,normal,
2026-05-02 12:00:00,nodo_02,sensor,5.765,4.709,1.056,0.813,26.62,-9.74,13.35,True,alerta,
2026-05-02 18:00:00,nodo_01,sensor,7.311,4.94,2.371,2.371,19.99,-9.61,13.88,False,normal,
2026-05-02 18:00:00,nodo_02,sensor,5.851,4.797,1.054,0.82,25.06,-9.61,13.88,True,alerta,
2026-05-03 00:00:00,nodo_01,sensor,7.28,4.946,2.334,2.334,20.7,-9.89,13.14,False,normal,
2026-05-03 00:00:00,nodo_02,sensor,5.823,4.772,1.051,0.831,24.07,-9.89,13.14,True,alerta,
2026-05-03 06:00:00,nodo_01,sensor,7.275,5.017,2.258,2.258,18.86,-10.14,13.37,False,normal,
2026-05-03 06:00:00,nodo_02,sensor,5.752,4.698,1.054,0.819,22.97,-10.14,13.37,True,alerta,
2026-05-03 12:00:00,nodo_01,sensor,7.301,5.029,2.272,2.272,21.79,-10.16,13.56,False,normal,
2026-05-03 12:00:00,nodo_02,sensor,5.781,4.709,1.072,0.761,23.01,-10.16,13.56,True,alerta,
2026-05-03 18:00:00,nodo_01,sensor,7.279,4.97,2.309,2.309,17.71,-9.97,13.14,False,normal,
2026-05-03 18:00:00,nodo_02,sensor,5.801,4.738,1.063,0.79,25.09,-9.97,13.14,True,alerta,
2026-05-04 00:00:00,nodo_01,sensor,7.309,5.132,2.177,2.177,18.79,-10.79,14.1,False,normal,
2026-05-04 00:00:00,nodo_02,sensor,5.821,4.756,1.065,0.782,24.94,-10.79,14.1,True,alerta,
2026-05-04 06:00:00,nodo_01,sensor,7.288,4.826,2.462,2.462,20.61,-10.13,13.39,False,normal,
2026-05-04 06:00:00,nodo_02,sensor,5.759,4.695,1.064,0.787,23.84,-10.13,13.39,True,alerta,
2026-05-04 12:00:00,nodo_01,sensor,7.294,5.035,2.259,2.259,21.9,-10.67,13.64,False,normal,
2026-05-04 12:00:00,nodo_02,sensor,5.782,4.724,1.058,0.806,26.81,-10.67,13.64,True,alerta,
2026-05-04 18:00:00,nodo_01,sensor,7.267,5.021,2.246,2.246,20.16,-10.4,13.73,False,normal,
2026-05-04 18:00:00,nodo_02,sensor,5.828,4.785,1.043,0.857,22.88,-10.4,13.73,True,alerta,
2026-05-05 00:00:00,nodo_01,sensor,7.272,4.949,2.323,2.323,18.46,-10.58,12.73,False,normal,
2026-05-05 00:00:00,nodo_02,sensor,5.772,4.685,1.087,0.711,26.61,-10.58,12.73,True,alerta,
2026-05-05 06:00:00,nodo_01,sensor,7.259,4.94,2.319,2.319,21.3,-10.9,13.84,False,normal,
2026-05-05 06:00:00,nodo_02,sensor,5.808,4.757,1.051,0.831,23.67,-10.9,13.84,True,alerta,
2026-05-05 12:00:00,nodo_01,sensor,7.276,5.011,2.265,2.265,22.7,-10.56,12.98,False,normal,
2026-05-05 12:00:00,nodo_02,sensor,5.806,4.741,1.065,0.782,24.52,-10.56,12.98,True,alerta,
2026-05-05 18:00:00,nodo_01,sensor,7.244,5.04,2.204,2.204,21.46,-10.87,13.53,False,normal,
2026-05-05 18:00:00,nodo_02,sensor,5.815,4.759,1.056,0.813,23.94,-10.87,13.53,True,alerta,
2026-05-06 00:00:00,nodo_01,sensor,7.316,5.05,2.266,2.266,21.22,-11.68,13.53,False,normal,
2026-05-06 00:00:00,nodo_02,sensor,5.781,4.699,1.082,0.727,26.76,-11.68,13.53,True,alerta,
2026-05-06 06:00:00,nodo_01,sensor,7.271,5.027,2.244,2.244,18.05,-11.29,13.69,False,normal,
2026-05-06 06:00:00,nodo_02,sensor,5.75,4.659,1.091,0.697,26.78,-11.29,13.69,True,alerta,
2026-05-06 12:00:00,nodo_01,sensor,7.217,4.996,2.221,2.221,20.68,-11.12,13.51,False,normal,
2026-05-06 12:00:00,nodo_02,sensor,5.773,4.716,1.057,0.809,27.54,-11.12,13.51,True,alerta,
2026-05-06 18:00:00,nodo_01,sensor,7.309,4.95,2.359,2.359,20.29,-11.38,13.62,False,normal,
2026-05-06 18:00:00,nodo_02,sensor,5.826,4.747,1.079,0.735,25.43,-11.38,13.62,True,alerta,
2026-05-07 00:00:00,nodo_01,sensor,7.292,5.069,2.223,2.223,18.51,-11.51,13.55,False,normal,
2026-05-07 00:00:00,nodo_02,sensor,5.777,4.727,1.05,0.833,23.86,-11.51,13.55,True,alerta,
2026-05-07 06:00:00,nodo_01,sensor,7.266,5.039,2.227,2.227,21.67,-11.44,13.72,False,normal,
2026-05-07 06:00:00,nodo_02,sensor,5.844,4.796,1.048,0.841,24.42,-11.44,13.72,True,alerta,
2026-05-07 12:00:00,nodo_01,sensor,7.319,4.924,2.395,2.395,21.83,-11.88,13.14,False,normal,
2026-05-07 12:00:00,nodo_02,sensor,5.755,4.692,1.063,0.789,25.15,-11.88,13.14,True,alerta,
2026-05-07 18:00:00,nodo_01,sensor,7.336,4.967,2.369,2.369,19.35,-11.89,13.75,False,normal,
2026-05-07 18:00:00,nodo_02,sensor,5.776,4.701,1.075,0.749,25.14,-11.89,13.75,True,alerta,
2026-05-08 00:00:00,,boletin_oficial,,,,,,-10.01,13.45,,,5
2026-05-08 00:00:00,nodo_01,sensor,7.25,5.026,2.224,2.224,22.28,-11.45,13.8,False,normal,
2026-05-08 00:00:00,nodo_02,sensor,5.771,4.707,1.064,0.786,24.58,-11.45,13.8,True,alerta,
2026-05-08 06:00:00,nodo_01,sensor,7.24,5.004,2.236,2.236,22.27,-12.01,12.96,False,normal,
2026-05-08 06:00:00,nodo_02,sensor,5.761,4.699,1.062,0.793,27.93,-12.01,12.96,True,alerta,
2026-05-08 12:00:00,nodo_01,sensor,7.253,4.967,2.286,2.286,17.38,-12.25,12.96,False,normal,
2026-05-08 12:00:00,nodo_02,sensor,5.774,4.692,1.082,0.727,23.45,-12.25,12.96,True,alerta,
2026-05-08 18:00:00,nodo_01,sensor,7.277,5.009,2.268,2.268,20.3,-12.04,13.58,False,normal,
2026-05-08 18:00:00,nodo_02,sensor,5.755,4.659,1.096,0.68,27.25,-12.04,13.58,True,alerta,
2026-05-09 00:00:00,nodo_01,sensor,7.234,5.046,2.188,2.188,20.98,-11.85,13.75,False,normal,
2026-05-09 00:00:00,nodo_02,sensor,5.735,4.659,1.076,0.746,25.79,-11.85,13.75,True,alerta,
2026-05-09 06:00:00,nodo_01,sensor,7.256,5.085,2.171,2.171,20.07,-11.82,13.66,False,normal,
2026-05-09 06:00:00,nodo_02,sensor,5.774,4.711,1.063,0.79,22.94,-11.82,13.66,True,alerta,
2026-05-09 12:00:00,nodo_01,sensor,7.265,5.021,2.244,2.244,18.7,-12.35,13.6,False,normal,
2026-05-09 12:00:00,nodo_02,sensor,5.772,4.699,1.073,0.756,25.66,-12.35,13.6,True,alerta,
2026-05-09 18:00:00,nodo_01,sensor,7.322,4.975,2.347,2.347,20.02,-12.81,13.32,False,normal,
2026-05-09 18:00:00,nodo_02,sensor,5.769,4.676,1.093,0.691,27.31,-12.81,13.32,True,alerta,
2026-05-10 00:00:00,nodo_01,sensor,7.288,5.028,2.26,2.26,18.95,-12.3,13.14,False,normal,
2026-05-10 00:00:00,nodo_02,sensor,5.751,4.651,1.1,0.666,24.92,-12.3,13.14,True,alerta,
2026-05-10 06:00:00,nodo_01,sensor,7.29,5.023,2.267,2.267,17.9,-12.18,13.73,False,normal,
2026-05-10 06:00:00,nodo_02,sensor,5.784,4.698,1.086,0.713,26.4,-12.18,13.73,True,alerta,
2026-05-10 12:00:00,nodo_01,sensor,7.268,4.969,2.299,2.299,20.23,-12.64,13.95,False,normal,
2026-05-10 12:00:00,nodo_02,sensor,5.797,4.762,1.035,0.883,25.8,-12.64,13.95,True,alerta,
2026-05-10 18:00:00,nodo_01,sensor,7.308,5.032,2.276,2.276,23.21,-12.56,13.35,False,normal,
2026-05-10 18:00:00,nodo_02,sensor,5.752,4.665,1.087,0.71,23.85,-12.56,13.35,True,alerta,
2026-05-11 00:00:00,nodo_01,sensor,7.284,5.009,2.275,2.275,19.28,-13.25,12.81,False,normal,
2026-05-11 00:00:00,nodo_02,sensor,5.714,4.639,1.075,0.749,25.38,-13.25,12.81,True,alerta,
2026-05-11 06:00:00,nodo_01,sensor,7.28,4.981,2.299,2.299,22.62,-12.74,13.41,False,normal,
2026-05-11 06:00:00,nodo_02,sensor,5.742,4.675,1.067,0.777,24.64,-12.74,13.41,True,alerta,
2026-05-11 12:00:00,nodo_01,sensor,7.275,5.008,2.267,2.267,18.96,-12.89,13.11,False,normal,
2026-05-11 12:00:00,nodo_02,sensor,5.781,4.73,1.051,0.831,23.7,-12.89,13.11,True,alerta,
2026-05-11 18:00:00,nodo_01,sensor,7.205,5.027,2.178,2.178,21.57,-13.09,12.92,False,normal,
2026-05-11 18:00:00,nodo_02,sensor,5.755,4.692,1.063,0.788,26.88,-13.09,12.92,True,alerta,
2026-05-12 00:00:00,nodo_01,sensor,7.286,5.0,2.286,2.286,21.6,-13.49,13.0,False,normal,
2026-05-12 00:00:00,nodo_02,sensor,5.701,4.632,1.069,0.771,25.4,-13.49,13.0,True,alerta,
2026-05-12 06:00:00,nodo_01,sensor,7.273,5.008,2.265,2.265,19.42,-13.18,13.66,False,normal,
2026-05-12 06:00:00,nodo_02,sensor,5.816,4.777,1.039,0.871,25.91,-13.18,13.66,True,alerta,
2026-05-12 12:00:00,nodo_01,sensor,7.233,5.037,2.196,2.196,20.17,-13.62,13.57,False,normal,
2026-05-12 12:00:00,nodo_02,sensor,5.816,4.765,1.051,0.83,26.01,-13.62,13.57,True,alerta,
2026-05-12 18:00:00,nodo_01,sensor,7.267,4.924,2.343,2.343,17.87,-13.66,13.32,False,normal,
2026-05-12 18:00:00,nodo_02,sensor,5.781,4.717,1.064,0.788,24.49,-13.66,13.32,True,alerta,
2026-05-13 00:00:00,nodo_01,sensor,7.266,5.022,2.244,2.244,16.86,-13.73,13.18,False,normal,
2026-05-13 00:00:00,nodo_02,sensor,5.805,4.726,1.079,0.738,21.88,-13.73,13.18,True,alerta,
2026-05-13 06:00:00,nodo_01,sensor,7.266,4.935,2.331,2.331,21.52,-13.37,13.71,False,normal,
2026-05-13 06:00:00,nodo_02,sensor,5.759,4.678,1.081,0.732,28.7,-13.37,13.71,True,alerta,
2026-05-13 12:00:00,nodo_01,sensor,7.253,4.961,2.292,2.292,20.65,-13.66,13.12,False,normal,
2026-05-13 12:00:00,nodo_02,sensor,5.739,4.668,1.071,0.763,23.45,-13.66,13.12,True,alerta,
2026-05-13 18:00:00,nodo_01,sensor,7.181,5.013,2.168,2.168,19.93,-13.85,13.44,False,normal,
2026-05-13 18:00:00,nodo_02,sensor,5.739,4.63,1.109,0.638,26.81,-13.85,13.44,True,alerta,
2026-05-14 00:00:00,,boletin_oficial,,,,,,-11.99,13.51,,,4
2026-05-14 00:00:00,nodo_01,sensor,7.296,5.007,2.289,2.289,20.54,-14.17,13.63,False,normal,
2026-05-14 00:00:00,nodo_02,sensor,5.768,4.73,1.038,0.872,25.09,-14.17,13.63,True,alerta,
2026-05-14 06:00:00,nodo_01,sensor,7.27,4.985,2.285,2.285,19.86,-14.05,13.8,False,normal,
2026-05-14 06:00:00,nodo_02,sensor,5.79,4.73,1.06,0.799,24.33,-14.05,13.8,True,alerta,
2026-05-14 12:00:00,nodo_01,sensor,7.273,5.002,2.271,2.271,20.29,-14.14,13.66,False,normal,
2026-05-14 12:00:00,nodo_02,sensor,5.742,4.668,1.074,0.752,24.38,-14.14,13.66,True,alerta,
2026-05-14 18:00:00,nodo_01,sensor,7.225,4.966,2.259,2.259,18.12,-14.24,13.78,False,normal,
2026-05-14 18:00:00,nodo_02,sensor,5.713,4.63,1.083,0.722,24.45,-14.24,13.78,True,alerta,
2026-05-15 00:00:00,nodo_01,sensor,7.301,5.048,2.253,2.253,19.69,-13.81,13.27,False,normal,
2026-05-15 00:00:00,nodo_02,sensor,5.825,4.768,1.057,0.812,27.64,-13.81,13.27,True,alerta,
2026-05-15 06:00:00,nodo_01,sensor,7.283,5.031,2.252,2.252,18.28,-13.99,13.48,False,normal,
2026-05-15 06:00:00,nodo_02,sensor,5.762,4.674,1.088,0.708,27.66,-13.99,13.48,True,alerta,
2026-05-15 12:00:00,nodo_01,sensor,7.258,4.994,2.264,2.264,20.53,-14.61,13.52,False,normal,
2026-05-15 12:00:00,nodo_02,sensor,5.76,4.68,1.08,0.733,27.54,-14.61,13.52,True,alerta,
2026-05-15 18:00:00,nodo_01,sensor,7.313,5.055,2.258,2.258,19.86,-14.32,13.45,False,normal,
2026-05-15 18:00:00,nodo_02,sensor,5.72,4.651,1.069,0.769,26.77,-14.32,13.45,True,alerta,
2026-05-16 00:00:00,nodo_01,sensor,7.23,4.966,2.264,2.264,21.28,-14.76,13.04,False,normal,
2026-05-16 00:00:00,nodo_02,sensor,5.748,4.693,1.055,0.817,25.42,-14.76,13.04,True,alerta,
2026-05-16 06:00:00,nodo_01,sensor,7.288,4.979,2.309,2.309,21.66,-14.63,13.2,False,normal,
2026-05-16 06:00:00,nodo_02,sensor,5.772,4.69,1.082,0.726,23.73,-14.63,13.2,True,alerta,
2026-05-16 12:00:00,nodo_01,sensor,7.21,5.055,2.155,2.155,18.77,-14.75,13.33,False,normal,
2026-05-16 12:00:00,nodo_02,sensor,5.734,4.669,1.065,0.785,26.43,-14.75,13.33,True,alerta,
2026-05-16 18:00:00,nodo_01,sensor,7.279,5.027,2.252,2.252,21.07,-15.24,13.53,False,normal,
2026-05-16 18:00:00,nodo_02,sensor,5.77,4.715,1.055,0.817,27.53,-15.24,13.53,True,alerta,
2026-05-17 00:00:00,nodo_01,sensor,7.239,5.025,2.214,2.214,19.19,-15.07,13.31,False,normal,
2026-05-17 00:00:00,nodo_02,sensor,5.751,4.695,1.056,0.813,27.12,-15.07,13.31,True,alerta,
2026-05-17 06:00:00,nodo_01,sensor,7.237,5.032,2.205,2.205,18.94,-14.87,13.24,False,normal,
2026-05-17 06:00:00,nodo_02,sensor,5.755,4.664,1.091,0.697,24.16,-14.87,13.24,True,alerta,
2026-05-17 12:00:00,nodo_01,sensor,7.247,4.975,2.272,2.272,21.82,-15.03,13.42,False,normal,
2026-05-17 12:00:00,nodo_02,sensor,5.732,4.679,1.053,0.823,26.34,-15.03,13.42,True,alerta,
2026-05-17 18:00:00,nodo_01,sensor,7.285,5.031,2.254,2.254,21.61,-15.51,13.53,False,normal,
2026-05-17 18:00:00,nodo_02,sensor,5.806,4.733,1.073,0.758,25.87,-15.51,13.53,True,alerta,
2026-05-18 00:00:00,nodo_01,sensor,7.304,4.975,2.329,2.329,17.97,-14.89,13.84,False,normal,
2026-05-18 00:00:00,nodo_02,sensor,5.735,4.645,1.09,0.7,25.61,-14.89,13.84,True,alerta,
2026-05-18 06:00:00,nodo_01,sensor,7.201,5.007,2.194,2.194,21.68,-15.44,13.48,False,normal,
2026-05-18 06:00:00,nodo_02,sensor,5.762,4.68,1.082,0.727,27.77,-15.44,13.48,True,alerta,
2026-05-18 12:00:00,nodo_01,sensor,7.281,5.059,2.222,2.222,20.84,-15.49,13.11,False,normal,
2026-05-18 12:00:00,nodo_02,sensor,5.74,4.662,1.078,0.74,23.46,-15.49,13.11,True,alerta,
2026-05-18 18:00:00,nodo_01,sensor,7.208,5.043,2.165,2.165,20.61,-15.28,13.63,False,normal,
2026-05-18 18:00:00,nodo_02,sensor,5.717,4.65,1.067,0.777,25.94,-15.28,13.63,True,alerta,
2026-05-19 00:00:00,nodo_01,sensor,7.271,5.024,2.247,2.247,20.78,-15.75,13.84,False,normal,
2026-05-19 00:00:00,nodo_02,sensor,5.782,4.704,1.078,0.74,26.12,-15.75,13.84,True,alerta,
2026-05-19 06:00:00,nodo_01,sensor,7.207,4.984,2.223,2.223,17.52,-15.98,14.21,False,normal,
2026-05-19 06:00:00,nodo_02,sensor,5.756,4.681,1.075,0.748,26.52,-15.98,14.21,True,alerta,
2026-05-19 12:00:00,nodo_01,sensor,7.213,4.993,2.22,2.22,21.4,-16.26,13.63,False,normal,
2026-05-19 12:00:00,nodo_02,sensor,5.745,4.664,1.081,0.728,26.57,-16.26,13.63,True,alerta,
2026-05-19 18:00:00,nodo_01,sensor,7.237,5.011,2.226,2.226,18.66,-15.81,13.19,False,normal,
2026-05-19 18:00:00,nodo_02,sensor,5.772,4.699,1.073,0.758,25.49,-15.81,13.19,True,alerta,
2026-05-20 00:00:00,nodo_01,sensor,7.238,4.976,2.262,2.262,20.51,-15.7,13.24,False,normal,
2026-05-20 00:00:00,nodo_02,sensor,5.752,4.688,1.064,0.785,25.11,-15.7,13.24,True,alerta,
2026-05-20 06:00:00,nodo_01,sensor,7.186,4.988,2.198,2.198,17.45,-16.25,13.06,False,normal,
2026-05-20 06:00:00,nodo_02,sensor,5.724,4.65,1.074,0.755,26.95,-16.25,13.06,True,alerta,
2026-05-20 12:00:00,nodo_01,sensor,7.224,4.971,2.253,2.253,22.05,-16.43,13.05,False,normal,
2026-05-20 12:00:00,nodo_02,sensor,5.702,4.618,1.084,0.721,25.87,-16.43,13.05,True,alerta,
2026-05-20 18:00:00,nodo_01,sensor,7.182,4.992,2.19,2.19,22.03,-16.04,13.16,False,normal,
2026-05-20 18:00:00,nodo_02,sensor,5.748,4.669,1.079,0.736,23.78,-16.04,13.16,True,alerta,
2026-05-21 00:00:00,nodo_01,sensor,7.191,5.039,2.152,2.152,18.73,-16.64,13.26,False,normal,
2026-05-21 00:00:00,nodo_02,sensor,5.733,4.681,1.052,0.827,24.78,-16.64,13.26,True,alerta,
2026-05-21 06:00:00,nodo_01,sensor,7.249,5.082,2.167,2.167,21.69,-16.73,12.56,False,normal,
2026-05-21 06:00:00,nodo_02,sensor,5.753,4.685,1.068,0.774,26.58,-16.73,12.56,True,alerta,
2026-05-21 12:00:00,nodo_01,sensor,7.202,4.975,2.227,2.227,22.55,-16.22,13.3,False,normal,
2026-05-21 12:00:00,nodo_02,sensor,5.736,4.707,1.029,0.902,23.17,-16.22,13.3,True,alerta,
2026-05-21 18:00:00,nodo_01,sensor,7.225,5.053,2.172,2.172,19.21,-16.72,13.57,False,normal,
2026-05-21 18:00:00,nodo_02,sensor,5.674,4.584,1.09,0.699,25.89,-16.72,13.57,True,alerta,
2026-05-22 00:00:00,,boletin_oficial,,,,,,-14.73,13.26,,,5
2026-05-22 00:00:00,nodo_01,sensor,7.223,5.134,2.089,2.089,18.15,-16.63,12.86,False,normal,
2026-05-22 00:00:00,nodo_02,sensor,5.754,4.712,1.042,0.859,26.67,-16.63,12.86,True,alerta,
2026-05-22 06:00:00,nodo_01,sensor,7.191,5.015,2.176,2.176,18.64,-17.01,13.36,False,normal,
2026-05-22 06:00:00,nodo_02,sensor,5.708,4.614,1.094,0.686,24.73,-17.01,13.36,True,alerta,
2026-05-22 12:00:00,nodo_01,sensor,7.234,5.022,2.212,2.212,19.47,-16.78,13.18,False,normal,
2026-05-22 12:00:00,nodo_02,sensor,5.702,4.621,1.081,0.729,27.17,-16.78,13.18,True,alerta,
2026-05-22 18:00:00,nodo_01,sensor,7.243,5.023,2.22,2.22,20.78,-16.93,12.98,False,normal,
2026-05-22 18:00:00,nodo_02,sensor,5.701,4.622,1.079,0.735,24.36,-16.93,12.98,True,alerta,
2026-05-23 00:00:00,nodo_01,sensor,7.237,5.019,2.218,2.218,22.03,-17.14,13.38,False,normal,
2026-05-23 00:00:00,nodo_02,sensor,5.749,4.676,1.073,0.756,23.6,-17.14,13.38,True,alerta,
2026-05-23 06:00:00,nodo_01,sensor,7.252,4.999,2.253,2.253,19.02,-17.32,13.14,False,normal,
2026-05-23 06:00:00,nodo_02,sensor,5.705,4.618,1.087,0.708,26.71,-17.32,13.14,True,alerta,
2026-05-23 12:00:00,nodo_01,sensor,7.23,4.939,2.291,2.291,22.91,-16.83,13.16,False,normal,
2026-05-23 12:00:00,nodo_02,sensor,5.69,4.579,1.111,0.631,24.83,-16.83,13.16,True,alerta,
2026-05-23 18:00:00,nodo_01,sensor,7.298,5.011,2.287,2.287,20.03,-17.46,12.89,False,normal,
2026-05-23 18:00:00,nodo_02,sensor,5.752,4.687,1.065,0.785,25.38,-17.46,12.89,True,alerta,
2026-05-24 00:00:00,nodo_01,sensor,7.262,4.989,2.273,2.273,17.67,-17.39,13.05,False,normal,
2026-05-24 00:00:00,nodo_02,sensor,5.717,4.628,1.089,0.705,24.03,-17.39,13.05,True,alerta,
2026-05-24 06:00:00,nodo_01,sensor,7.26,4.976,2.284,2.284,22.14,-17.69,13.04,False,normal,
2026-05-24 06:00:00,nodo_02,sensor,5.705,4.612,1.093,0.689,24.71,-17.69,13.04,True,alerta,
2026-05-24 12:00:00,nodo_01,sensor,7.248,5.006,2.242,2.242,19.04,-17.39,12.87,False,normal,
2026-05-24 12:00:00,nodo_02,sensor,5.721,4.614,1.107,0.644,25.58,-17.39,12.87,True,alerta,
2026-05-24 18:00:00,nodo_01,sensor,7.237,5.01,2.227,2.227,21.04,-17.84,12.84,False,normal,
2026-05-24 18:00:00,nodo_02,sensor,5.678,4.599,1.079,0.737,27.1,-17.84,12.84,True,alerta,
2026-05-25 00:00:00,nodo_01,sensor,7.194,4.951,2.243,2.243,21.49,-17.67,13.34,False,normal,
2026-05-25 00:00:00,nodo_02,sensor,5.754,4.697,1.057,0.808,23.46,-17.67,13.34,True,alerta,
2026-05-25 06:00:00,nodo_01,sensor,7.197,4.937,2.26,2.26,19.3,-17.86,12.94,False,normal,
2026-05-25 06:00:00,nodo_02,sensor,5.687,4.61,1.077,0.742,25.82,-17.86,12.94,True,alerta,
2026-05-25 12:00:00,nodo_01,sensor,7.171,5.0,2.171,2.171,23.11,-17.94,13.33,False,normal,
2026-05-25 12:00:00,nodo_02,sensor,5.709,4.609,1.1,0.668,26.6,-17.94,13.33,True,alerta,
2026-05-25 18:00:00,nodo_01,sensor,7.239,5.035,2.204,2.204,20.95,-17.8,13.23,False,normal,
2026-05-25 18:00:00,nodo_02,sensor,5.688,4.62,1.068,0.773,23.04,-17.8,13.23,True,alerta,
2026-05-26 00:00:00,,boletin_oficial,,,,,,-17.13,13.28,,,2
2026-05-26 00:00:00,nodo_01,sensor,7.185,5.046,2.139,2.139,19.25,-18.17,13.34,False,normal,
2026-05-26 00:00:00,nodo_02,sensor,5.704,4.628,1.076,0.746,22.55,-18.17,13.34,True,alerta,
2026-05-26 06:00:00,nodo_01,sensor,7.217,4.907,2.31,2.31,21.17,-18.13,13.68,False,normal,
2026-05-26 06:00:00,nodo_02,sensor,5.67,4.589,1.081,0.73,25.02,-18.13,13.68,True,alerta,
2026-05-26 12:00:00,nodo_01,sensor,7.209,5.036,2.173,2.173,21.28,-18.24,12.86,False,normal,
2026-05-26 12:00:00,nodo_02,sensor,5.755,4.653,1.102,0.66,26.59,-18.24,12.86,True,alerta,
2026-05-26 18:00:00,nodo_01,sensor,7.23,5.025,2.205,2.205,20.27,-18.42,13.42,False,normal,
2026-05-26 18:00:00,nodo_02,sensor,5.688,4.61,1.078,0.739,25.23,-18.42,13.42,True,alerta,
2026-05-27 00:00:00,nodo_01,sensor,7.229,5.104,2.125,2.125,17.38,-18.41,12.94,False,normal,
2026-05-27 00:00:00,nodo_02,sensor,5.733,4.654,1.079,0.736,26.05,-18.41,12.94,True,alerta,
2026-05-27 06:00:00,nodo_01,sensor,7.217,4.985,2.232,2.232,17.72,-18.65,13.1,False,normal,
2026-05-27 06:00:00,nodo_02,sensor,5.706,4.639,1.067,0.777,26.35,-18.65,13.1,True,alerta,
2026-05-27 12:00:00,nodo_01,sensor,7.222,5.022,2.2,2.2,16.75,-19.09,13.45,False,normal,
2026-05-27 12:00:00,nodo_02,sensor,5.699,4.591,1.108,0.641,24.6,-19.09,13.45,True,alerta,
2026-05-27 18:00:00,nodo_01,sensor,7.208,4.957,2.251,2.251,21.85,-18.98,12.95,False,normal,
2026-05-27 18:00:00,nodo_02,sensor,5.708,4.629,1.079,0.736,23.42,-18.98,12.95,True,alerta,
2026-05-28 00:00:00,nodo_01,sensor,7.189,4.888,2.301,2.301,20.62,-18.68,13.26,False,normal,
2026-05-28 00:00:00,nodo_02,sensor,5.708,4.615,1.093,0.691,28.31,-18.68,13.26,True,alerta,
2026-05-28 06:00:00,nodo_01,sensor,7.177,4.984,2.193,2.193,20.24,-18.89,12.97,False,normal,
2026-05-28 06:00:00,nodo_02,sensor,5.713,4.601,1.112,0.627,26.12,-18.89,12.97,True,alerta,
2026-05-28 12:00:00,nodo_01,sensor,7.218,4.955,2.263,2.263,20.27,-19.01,12.91,False,normal,
2026-05-28 12:00:00,nodo_02,sensor,5.725,4.646,1.079,0.736,24.43,-19.01,12.91,True,alerta,
2026-05-28 18:00:00,nodo_01,sensor,7.216,5.021,2.195,2.195,17.66,-19.61,13.47,False,normal,
2026-05-28 18:00:00,nodo_02,sensor,5.745,4.675,1.07,0.768,24.94,-19.61,13.47,True,alerta,
2026-05-29 00:00:00,nodo_01,sensor,7.241,5.064,2.177,2.177,19.75,-19.42,12.57,False,normal,
2026-05-29 00:00:00,nodo_02,sensor,5.685,4.596,1.089,0.704,24.85,-19.42,12.57,True,alerta,
2026-05-29 06:00:00,nodo_01,sensor,7.209,5.051,2.158,2.158,20.02,-19.54,13.02,False,normal,
2026-05-29 06:00:00,nodo_02,sensor,5.657,4.549,1.108,0.639,24.99,-19.54,13.02,True,alerta,
2026-05-29 12:00:00,nodo_01,sensor,7.254,4.972,2.282,2.282,22.98,-18.98,13.53,False,normal,
2026-05-29 12:00:00,nodo_02,sensor,5.721,4.613,1.108,0.64,24.62,-18.98,13.53,True,alerta,
2026-05-29 18:00:00,nodo_01,sensor,7.21,5.063,2.147,2.147,19.65,-19.49,13.19,False,normal,
2026-05-29 18:00:00,nodo_02,sensor,5.74,4.651,1.089,0.703,25.05,-19.49,13.19,True,alerta,
2026-05-30 00:00:00,nodo_01,sensor,7.277,4.867,2.41,2.41,21.01,-19.34,12.94,False,normal,
2026-05-30 00:00:00,nodo_02,sensor,5.654,4.554,1.1,0.665,25.25,-19.34,12.94,True,alerta,
2026-05-30 06:00:00,nodo_01,sensor,7.247,4.941,2.306,2.306,22.02,-19.21,12.88,False,normal,
2026-05-30 06:00:00,nodo_02,sensor,5.694,4.601,1.093,0.69,24.87,-19.21,12.88,True,alerta,
2026-05-30 12:00:00,nodo_01,sensor,7.22,4.942,2.278,2.278,18.93,-19.35,13.41,False,normal,
2026-05-30 12:00:00,nodo_02,sensor,5.676,4.613,1.063,0.788,27.27,-19.35,13.41,True,alerta,
2026-05-30 18:00:00,nodo_01,sensor,7.246,4.976,2.27,2.27,18.74,-19.84,12.98,False,normal,
2026-05-30 18:00:00,nodo_02,sensor,5.695,4.62,1.075,0.752,25.89,-19.84,12.98,True,alerta,
2026-05-31 00:00:00,nodo_01,sensor,7.183,4.995,2.188,2.188,20.13,-19.94,12.91,False,normal,
2026-05-31 00:00:00,nodo_02,sensor,5.685,4.596,1.089,0.703,25.25,-19.94,12.91,True,alerta,
2026-05-31 06:00:00,nodo_01,sensor,7.18,5.05,2.13,2.13,20.15,-19.98,13.07,False,normal,
2026-05-31 06:00:00,nodo_02,sensor,5.685,4.585,1.1,0.668,25.26,-19.98,13.07,True,alerta,
2026-05-31 12:00:00,nodo_01,sensor,7.165,5.047,2.118,2.118,19.64,-20.46,13.17,False,normal,
2026-05-31 12:00:00,nodo_02,sensor,5.719,4.644,1.075,0.751,25.48,-20.46,13.17,True,alerta,
2026-05-31 18:00:00,nodo_01,sensor,7.184,5.033,2.151,2.151,20.95,-19.81,12.98,False,normal,
2026-05-31 18:00:00,nodo_02,sensor,5.685,4.62,1.065,0.784,24.46,-19.81,12.98,True,alerta,
2026-06-01 00:00:00,nodo_01,sensor,7.199,4.967,2.232,2.232,17.1,-20.03,12.81,False,normal,
2026-06-01 00:00:00,nodo_02,sensor,5.679,4.573,1.106,0.645,21.82,-20.03,12.81,True,alerta,
2026-06-01 06:00:00,nodo_01,sensor,7.216,5.036,2.18,2.18,19.74,-20.22,12.69,False,normal,
2026-06-01 06:00:00,nodo_02,sensor,5.693,4.613,1.08,0.733,23.36,-20.22,12.69,True,alerta,
2026-06-01 12:00:00,nodo_01,sensor,7.248,4.957,2.291,2.291,20.79,-19.95,12.79,False,normal,
2026-06-01 12:00:00,nodo_02,sensor,5.666,4.558,1.108,0.64,24.89,-19.95,12.79,True,alerta,
2026-06-01 18:00:00,nodo_01,sensor,7.181,4.929,2.252,2.252,21.14,-20.54,13.23,False,normal,
2026-06-01 18:00:00,nodo_02,sensor,5.66,4.55,1.11,0.634,26.83,-20.54,13.23,True,alerta,
2026-06-02 00:00:00,nodo_01,sensor,7.208,4.965,2.243,2.243,22.1,-20.64,13.38,False,normal,
2026-06-02 00:00:00,nodo_02,sensor,5.659,4.562,1.097,0.678,25.07,-20.64,13.38,True,alerta,
2026-06-02 06:00:00,nodo_01,sensor,7.227,5.011,2.216,2.216,19.58,-20.49,13.36,False,normal,
2026-06-02 06:00:00,nodo_02,sensor,5.64,4.552,1.088,0.706,28.02,-20.49,13.36,True,alerta,
2026-06-02 12:00:00,nodo_01,sensor,7.223,5.01,2.213,2.213,21.39,-21.18,12.79,False,normal,
2026-06-02 12:00:00,nodo_02,sensor,5.704,4.593,1.111,0.631,25.82,-21.18,12.79,True,alerta,
2026-06-02 18:00:00,nodo_01,sensor,7.211,4.98,2.231,2.231,19.32,-20.65,12.81,False,normal,
2026-06-02 18:00:00,nodo_02,sensor,5.72,4.622,1.098,0.675,27.91,-20.65,12.81,True,alerta,
2026-06-03 00:00:00,,boletin_oficial,,,,,,-19.77,13.02,,,3
2026-06-03 00:00:00,nodo_01,sensor,7.143,5.091,2.052,2.052,21.38,-20.49,13.28,False,normal,
2026-06-03 00:00:00,nodo_02,sensor,5.672,4.563,1.109,0.636,23.82,-20.49,13.28,True,alerta,
2026-06-03 06:00:00,nodo_01,sensor,7.167,5.035,2.132,2.132,21.61,-20.83,12.61,False,normal,
2026-06-03 06:00:00,nodo_02,sensor,5.701,4.616,1.085,0.715,22.2,-20.83,12.61,True,alerta,
2026-06-03 12:00:00,nodo_01,sensor,7.179,4.999,2.18,2.18,19.72,-21.13,13.17,False,normal,
2026-06-03 12:00:00,nodo_02,sensor,5.679,4.582,1.097,0.675,24.97,-21.13,13.17,True,alerta,
2026-06-03 18:00:00,nodo_01,sensor,7.176,4.956,2.22,2.22,20.33,-20.8,12.34,False,normal,
2026-06-03 18:00:00,nodo_02,sensor,5.694,4.578,1.116,0.613,28.3,-20.8,12.34,True,alerta,
2026-06-04 00:00:00,nodo_01,sensor,7.191,4.96,2.231,2.231,20.94,-21.44,12.99,False,normal,
2026-06-04 00:00:00,nodo_02,sensor,5.678,4.597,1.081,0.731,24.96,-21.44,12.99,True,alerta,
2026-06-04 06:00:00,nodo_01,sensor,7.241,5.012,2.229,2.229,20.17,-21.59,13.3,False,normal,
2026-06-04 06:00:00,nodo_02,sensor,5.689,4.578,1.111,0.63,27.12,-21.59,13.3,True,alerta,
2026-06-04 12:00:00,nodo_01,sensor,7.205,4.943,2.262,2.262,21.82,-21.45,13.06,False,normal,
2026-06-04 12:00:00,nodo_02,sensor,5.738,4.642,1.096,0.68,23.51,-21.45,13.06,True,alerta,
2026-06-04 18:00:00,nodo_01,sensor,7.157,5.014,2.143,2.143,22.3,-22.01,13.2,False,normal,
2026-06-04 18:00:00,nodo_02,sensor,5.66,4.564,1.096,0.679,25.79,-22.01,13.2,True,alerta,
2026-06-05 00:00:00,nodo_01,sensor,7.182,4.985,2.197,2.197,20.91,-21.92,12.74,False,normal,
2026-06-05 00:00:00,nodo_02,sensor,5.764,4.692,1.072,0.759,24.11,-21.92,12.74,True,alerta,
2026-06-05 06:00:00,nodo_01,sensor,7.145,4.97,2.175,2.175,19.58,-21.33,12.49,False,normal,
2026-06-05 06:00:00,nodo_02,sensor,5.668,4.569,1.099,0.67,25.79,-21.33,12.49,True,alerta,
2026-06-05 12:00:00,nodo_01,sensor,7.168,5.051,2.117,2.117,18.77,-21.51,12.99,False,normal,
2026-06-05 12:00:00,nodo_02,sensor,5.636,4.509,1.127,0.576,27.09,-21.51,12.99,True,alerta,
2026-06-05 18:00:00,nodo_01,sensor,7.152,5.016,2.136,2.136,22.6,-22.06,12.85,False,normal,
2026-06-05 18:00:00,nodo_02,sensor,5.7,4.594,1.106,0.648,26.6,-22.06,12.85,True,alerta,
2026-06-06 00:00:00,nodo_01,sensor,7.203,5.072,2.131,2.131,19.31,-21.95,13.27,False,normal,
2026-06-06 00:00:00,nodo_02,sensor,5.628,4.501,1.127,0.576,25.9,-21.95,13.27,True,alerta,
2026-06-06 06:00:00,nodo_01,sensor,7.256,4.968,2.288,2.288,18.72,-22.11,12.87,False,normal,
2026-06-06 06:00:00,nodo_02,sensor,5.681,4.568,1.113,0.622,28.79,-22.11,12.87,True,alerta,
2026-06-06 12:00:00,nodo_01,sensor,7.24,4.999,2.241,2.241,18.74,-21.96,12.56,False,normal,
2026-06-06 12:00:00,nodo_02,sensor,5.648,4.53,1.118,0.606,25.73,-21.96,12.56,True,alerta,
2026-06-06 18:00:00,nodo_01,sensor,7.155,5.068,2.087,2.087,19.22,-22.13,13.33,False,normal,
2026-06-06 18:00:00,nodo_02,sensor,5.744,4.658,1.086,0.714,23.99,-22.13,13.33,True,alerta,
2026-06-07 00:00:00,nodo_01,sensor,7.161,4.992,2.169,2.169,21.15,-22.81,13.17,False,normal,
2026-06-07 00:00:00,nodo_02,sensor,5.702,4.594,1.108,0.641,23.61,-22.81,13.17,True,alerta,
2026-06-07 06:00:00,nodo_01,sensor,7.112,4.941,2.171,2.171,20.33,-22.03,12.75,False,normal,
2026-06-07 06:00:00,nodo_02,sensor,5.65,4.546,1.104,0.654,25.88,-22.03,12.75,True,alerta,
2026-06-07 12:00:00,nodo_01,sensor,7.137,5.001,2.136,2.136,16.9,-22.52,12.78,False,normal,
2026-06-07 12:00:00,nodo_02,sensor,5.654,4.564,1.09,0.7,25.02,-22.52,12.78,True,alerta,
2026-06-07 18:00:00,nodo_01,sensor,7.221,4.944,2.277,2.277,22.99,-22.62,13.21,False,normal,
2026-06-07 18:00:00,nodo_02,sensor,5.65,4.542,1.108,0.641,26.14,-22.62,13.21,True,alerta,
2026-06-08 00:00:00,nodo_01,sensor,7.126,5.075,2.051,2.051,18.75,-22.04,12.74,False,normal,
2026-06-08 00:00:00,nodo_02,sensor,5.669,4.586,1.083,0.725,24.84,-22.04,12.74,True,alerta,
2026-06-08 06:00:00,nodo_01,sensor,7.173,4.966,2.207,2.207,21.49,-22.95,13.11,False,normal,
2026-06-08 06:00:00,nodo_02,sensor,5.678,4.609,1.069,0.77,26.75,-22.95,13.11,True,alerta,
2026-06-08 12:00:00,nodo_01,sensor,7.176,4.96,2.216,2.216,19.69,-22.78,13.32,False,normal,
2026-06-08 12:00:00,nodo_02,sensor,5.696,4.616,1.08,0.735,24.71,-22.78,13.32,True,alerta,
2026-06-08 18:00:00,nodo_01,sensor,7.148,5.009,2.139,2.139,21.8,-22.97,12.56,False,normal,
2026-06-08 18:00:00,nodo_02,sensor,5.68,4.585,1.095,0.682,24.13,-22.97,12.56,True,alerta,
2026-06-09 00:00:00,nodo_01,sensor,7.151,5.045,2.106,2.106,20.84,-22.73,13.02,False,normal,
2026-06-09 00:00:00,nodo_02,sensor,5.648,4.544,1.104,0.653,24.64,-22.73,13.02,True,alerta,
2026-06-09 06:00:00,nodo_01,sensor,7.181,5.024,2.157,2.157,22.07,-22.43,13.05,False,normal,
2026-06-09 06:00:00,nodo_02,sensor,5.673,4.584,1.089,0.702,26.64,-22.43,13.05,True,alerta,
2026-06-09 12:00:00,nodo_01,sensor,7.13,5.076,2.054,2.054,20.2,-23.22,12.56,False,normal,
2026-06-09 12:00:00,nodo_02,sensor,5.65,4.549,1.101,0.662,26.59,-23.22,12.56,True,alerta,
2026-06-09 18:00:00,nodo_01,sensor,7.176,5.06,2.116,2.116,21.71,-23.34,12.45,False,normal,
2026-06-09 18:00:00,nodo_02,sensor,5.65,4.526,1.124,0.587,25.69,-23.34,12.45,True,alerta,
2026-06-10 00:00:00,nodo_01,sensor,7.124,5.087,2.037,2.037,20.08,-23.04,13.04,False,normal,
2026-06-10 00:00:00,nodo_02,sensor,5.687,4.613,1.074,0.754,26.13,-23.04,13.04,True,alerta,
2026-06-10 06:00:00,nodo_01,sensor,7.21,5.028,2.182,2.182,17.68,-23.16,13.45,False,normal,
2026-06-10 06:00:00,nodo_02,sensor,5.672,4.582,1.09,0.702,25.73,-23.16,13.45,True,alerta,
2026-06-10 12:00:00,nodo_01,sensor,7.146,4.973,2.173,2.173,19.19,-23.83,12.8,False,normal,
2026-06-10 12:00:00,nodo_02,sensor,5.658,4.551,1.107,0.644,21.63,-23.83,12.8,True,alerta,
2026-06-10 18:00:00,nodo_01,sensor,7.152,5.009,2.143,2.143,18.91,-24.21,12.76,False,normal,
2026-06-10 18:00:00,nodo_02,sensor,5.658,4.554,1.104,0.652,24.27,-24.21,12.76,True,alerta,
2026-06-11 00:00:00,,boletin_oficial,,,,,,-22.27,12.8,,,4
2026-06-11 00:00:00,nodo_01,sensor,7.182,5.003,2.179,2.179,23.16,-23.45,12.9,False,normal,
2026-06-11 00:00:00,nodo_02,sensor,5.683,4.595,1.088,0.707,26.61,-23.45,12.9,True,alerta,
2026-06-11 06:00:00,nodo_01,sensor,7.168,5.007,2.161,2.161,19.5,-24.2,12.88,False,normal,
2026-06-11 06:00:00,nodo_02,sensor,5.628,4.528,1.1,0.667,25.53,-24.2,12.88,True,alerta,
2026-06-11 12:00:00,nodo_01,sensor,7.079,4.984,2.095,2.095,20.17,-24.15,13.38,False,normal,
2026-06-11 12:00:00,nodo_02,sensor,5.674,4.59,1.084,0.72,27.08,-24.15,13.38,True,alerta,
2026-06-11 18:00:00,nodo_01,sensor,7.176,5.052,2.124,2.124,17.89,-24.31,12.68,False,normal,
2026-06-11 18:00:00,nodo_02,sensor,5.736,4.67,1.066,0.781,23.41,-24.31,12.68,True,alerta,
2026-06-12 00:00:00,nodo_01,sensor,7.146,5.03,2.116,2.116,17.71,-23.92,12.72,False,normal,
2026-06-12 00:00:00,nodo_02,sensor,5.61,4.502,1.108,0.64,26.99,-23.92,12.72,True,alerta,
2026-06-12 06:00:00,nodo_01,sensor,7.193,5.014,2.179,2.179,20.51,-24.28,13.31,False,normal,
2026-06-12 06:00:00,nodo_02,sensor,5.666,4.563,1.103,0.658,24.83,-24.28,13.31,True,alerta,
2026-06-12 12:00:00,nodo_01,sensor,7.091,5.055,2.036,2.036,20.24,-24.29,12.51,False,normal,
2026-06-12 12:00:00,nodo_02,sensor,5.657,4.548,1.109,0.637,24.13,-24.29,12.51,True,alerta,
2026-06-12 18:00:00,nodo_01,sensor,7.195,4.942,2.253,2.253,16.06,-24.56,12.74,False,normal,
2026-06-12 18:00:00,nodo_02,sensor,5.639,4.514,1.125,0.582,22.78,-24.56,12.74,True,alerta,
2026-06-13 00:00:00,nodo_01,sensor,7.23,4.932,2.298,2.298,17.9,-24.7,12.89,False,normal,
2026-06-13 00:00:00,nodo_02,sensor,5.663,4.544,1.119,0.603,24.44,-24.7,12.89,True,alerta,
2026-06-13 06:00:00,nodo_01,sensor,7.17,5.089,2.081,2.081,20.99,-24.89,12.94,False,normal,
2026-06-13 06:00:00,nodo_02,sensor,5.676,4.583,1.093,0.689,29.04,-24.89,12.94,True,alerta,
2026-06-13 12:00:00,nodo_01,sensor,7.208,4.926,2.282,2.282,17.23,-24.67,12.62,False,normal,
2026-06-13 12:00:00,nodo_02,sensor,5.657,4.554,1.103,0.657,25.03,-24.67,12.62,True,alerta,
2026-06-13 18:00:00,nodo_01,sensor,7.158,4.982,2.176,2.176,18.66,-24.41,12.54,False,normal,
2026-06-13 18:00:00,nodo_02,sensor,5.654,4.537,1.117,0.611,28.56,-24.41,12.54,True,alerta,
2026-06-14 00:00:00,nodo_01,sensor,7.153,5.002,2.151,2.151,21.4,-24.61,12.04,False,normal,
2026-06-14 00:00:00,nodo_02,sensor,5.659,4.538,1.121,0.596,25.96,-24.61,12.04,True,alerta,
2026-06-14 06:00:00,nodo_01,sensor,7.16,5.041,2.119,2.119,19.14,-24.45,12.66,False,normal,
2026-06-14 06:00:00,nodo_02,sensor,5.632,4.531,1.101,0.663,24.25,-24.45,12.66,True,alerta,
2026-06-14 12:00:00,nodo_01,sensor,7.105,5.093,2.012,2.012,18.91,-24.79,12.24,False,normal,
2026-06-14 12:00:00,nodo_02,sensor,5.658,4.578,1.08,0.732,25.52,-24.79,12.24,True,alerta,
2026-06-14 18:00:00,nodo_01,sensor,7.188,5.059,2.129,2.129,19.84,-25.19,12.32,False,normal,
2026-06-14 18:00:00,nodo_02,sensor,5.678,4.553,1.125,0.583,26.51,-25.19,12.32,True,alerta,
2026-06-15 00:00:00,nodo_01,sensor,7.17,4.982,2.188,2.188,19.59,-24.98,12.83,False,normal,
2026-06-15 00:00:00,nodo_02,sensor,5.664,4.57,1.094,0.688,24.83,-24.98,12.83,True,alerta,
2026-06-15 06:00:00,nodo_01,sensor,7.114,5.038,2.076,2.076,21.19,-25.19,13.12,False,normal,
2026-06-15 06:00:00,nodo_02,sensor,5.672,4.586,1.086,0.712,22.84,-25.19,13.12,True,alerta,
2026-06-15 12:00:00,nodo_01,sensor,7.179,4.965,2.214,2.214,21.14,-25.14,12.83,False,normal,
2026-06-15 12:00:00,nodo_02,sensor,5.68,4.585,1.095,0.685,26.0,-25.14,12.83,True,alerta,
2026-06-15 18:00:00,nodo_01,sensor,7.163,5.081,2.082,2.082,20.03,-25.27,12.52,False,normal,
2026-06-15 18:00:00,nodo_02,sensor,5.603,4.494,1.109,0.637,22.71,-25.27,12.52,True,alerta,
2026-06-16 00:00:00,,boletin_oficial,,,,,,-24.83,13.01,,,2
2026-06-16 00:00:00,nodo_01,sensor,7.134,4.929,2.205,2.205,18.75,-25.13,12.98,False,normal,
2026-06-16 00:00:00,nodo_02,sensor,5.63,4.517,1.113,0.625,25.49,-25.13,12.98,True,alerta,
2026-06-16 06:00:00,nodo_01,sensor,7.103,4.942,2.161,2.161,19.97,-25.2,12.54,False,normal,
2026-06-16 06:00:00,nodo_02,sensor,5.626,4.518,1.108,0.641,24.69,-25.2,12.54,True,alerta,
2026-06-16 12:00:00,nodo_01,sensor,7.135,5.036,2.099,2.099,19.15,-25.38,12.58,False,normal,
2026-06-16 12:00:00,nodo_02,sensor,5.659,4.552,1.107,0.642,25.59,-25.38,12.58,True,alerta,
2026-06-16 18:00:00,nodo_01,sensor,7.207,5.0,2.207,2.207,18.43,-26.0,13.12,False,normal,
2026-06-16 18:00:00,nodo_02,sensor,5.641,4.518,1.123,0.592,24.45,-26.0,13.12,True,alerta,
2026-06-17 00:00:00,nodo_01,sensor,7.178,5.039,2.139,2.139,21.23,-25.83,12.84,False,normal,
2026-06-17 00:00:00,nodo_02,sensor,5.629,4.512,1.117,0.609,24.29,-25.83,12.84,True,alerta,
2026-06-17 06:00:00,nodo_01,sensor,7.16,4.982,2.178,2.178,19.69,-25.68,13.08,False,normal,
2026-06-17 06:00:00,nodo_02,sensor,5.697,4.611,1.086,0.715,26.95,-25.68,13.08,True,alerta,
2026-06-17 12:00:00,nodo_01,sensor,7.101,5.011,2.09,2.09,20.14,-25.89,12.63,False,normal,
2026-06-17 12:00:00,nodo_02,sensor,5.695,4.616,1.079,0.738,28.82,-25.89,12.63,True,alerta,
2026-06-17 18:00:00,nodo_01,sensor,7.123,5.016,2.107,2.107,20.71,-25.97,12.85,False,normal,
2026-06-17 18:00:00,nodo_02,sensor,5.668,4.583,1.085,0.717,27.49,-25.97,12.85,True,alerta,
2026-06-18 00:00:00,nodo_01,sensor,7.133,4.954,2.179,2.179,20.11,-26.06,12.9,False,normal,
2026-06-18 00:00:00,nodo_02,sensor,5.645,4.559,1.086,0.714,26.56,-26.06,12.9,True,alerta,
2026-06-18 06:00:00,nodo_01,sensor,7.109,4.985,2.124,2.124,20.04,-25.99,12.5,False,normal,
2026-06-18 06:00:00,nodo_02,sensor,5.632,4.523,1.109,0.635,25.71,-25.99,12.5,True,alerta,
2026-06-18 12:00:00,nodo_01,sensor,7.052,5.047,2.005,2.005,20.02,-26.67,12.34,False,normal,
2026-06-18 12:00:00,nodo_02,sensor,5.665,4.582,1.083,0.722,25.41,-26.67,12.34,True,alerta,
2026-06-18 18:00:00,nodo_01,sensor,7.09,5.087,2.003,2.003,22.1,-26.36,12.55,False,normal,
2026-06-18 18:00:00,nodo_02,sensor,5.625,4.505,1.12,0.599,24.65,-26.36,12.55,True,alerta,
2026-06-19 00:00:00,nodo_01,sensor,7.083,4.986,2.097,2.097,20.13,-26.75,13.25,False,normal,
2026-06-19 00:00:00,nodo_02,sensor,5.682,4.573,1.109,0.637,22.87,-26.75,13.25,True,alerta,
2026-06-19 06:00:00,nodo_01,sensor,7.127,5.031,2.096,2.096,17.89,-26.59,12.71,False,normal,
2026-06-19 06:00:00,nodo_02,sensor,5.622,4.501,1.121,0.598,26.39,-26.59,12.71,True,alerta,
2026-06-19 12:00:00,nodo_01,sensor,7.13,5.037,2.093,2.093,20.05,-26.64,12.61,False,normal,
2026-06-19 12:00:00,nodo_02,sensor,5.602,4.501,1.101,0.664,23.14,-26.64,12.61,True,alerta,
2026-06-19 18:00:00,nodo_01,sensor,7.133,4.977,2.156,2.156,19.14,-26.4,12.94,False,normal,
2026-06-19 18:00:00,nodo_02,sensor,5.669,4.541,1.128,0.574,24.47,-26.4,12.94,True,alerta,
2026-06-20 00:00:00,nodo_01,sensor,7.128,5.075,2.053,2.053,19.98,-26.57,12.69,False,normal,
2026-06-20 00:00:00,nodo_02,sensor,5.643,4.532,1.111,0.631,22.94,-26.57,12.69,True,alerta,
2026-06-20 06:00:00,nodo_01,sensor,7.089,4.974,2.115,2.115,19.21,-26.87,12.51,False,normal,
2026-06-20 06:00:00,nodo_02,sensor,5.662,4.577,1.085,0.715,24.19,-26.87,12.51,True,alerta,
2026-06-20 12:00:00,nodo_01,sensor,7.111,4.917,2.194,2.194,21.38,-26.97,12.28,False,normal,
2026-06-20 12:00:00,nodo_02,sensor,5.621,4.508,1.113,0.622,26.75,-26.97,12.28,True,alerta,
2026-06-20 18:00:00,nodo_01,sensor,7.095,4.947,2.148,2.148,18.62,-27.29,12.59,False,normal,
2026-06-20 18:00:00,nodo_02,sensor,5.612,4.501,1.111,0.631,25.81,-27.29,12.59,True,alerta,
2026-06-21 00:00:00,nodo_01,sensor,7.14,4.977,2.163,2.163,18.79,-27.42,12.76,False,normal,
2026-06-21 00:00:00,nodo_02,sensor,5.628,4.519,1.109,0.638,25.71,-27.42,12.76,True,alerta,
2026-06-21 06:00:00,nodo_01,sensor,7.112,4.955,2.157,2.157,18.72,-26.9,12.69,False,normal,
2026-06-21 06:00:00,nodo_02,sensor,5.587,4.449,1.138,0.54,22.03,-26.9,12.69,True,alerta,
2026-06-21 12:00:00,nodo_01,sensor,7.112,4.955,2.157,2.157,22.17,-27.25,12.4,False,normal,
2026-06-21 12:00:00,nodo_02,sensor,5.628,4.505,1.123,0.588,27.33,-27.25,12.4,True,alerta,
2026-06-21 18:00:00,nodo_01,sensor,7.119,4.963,2.156,2.156,19.24,-27.42,12.31,False,normal,
2026-06-21 18:00:00,nodo_02,sensor,5.623,4.512,1.111,0.63,25.99,-27.42,12.31,True,alerta,
2026-06-22 00:00:00,nodo_01,sensor,7.138,4.973,2.165,2.165,21.97,-27.41,12.61,False,normal,
2026-06-22 00:00:00,nodo_02,sensor,5.609,4.474,1.135,0.549,23.16,-27.41,12.61,True,alerta,
2026-06-22 06:00:00,nodo_01,sensor,7.131,5.043,2.088,2.088,18.13,-27.73,12.55,False,normal,
2026-06-22 06:00:00,nodo_02,sensor,5.589,4.487,1.102,0.659,27.36,-27.73,12.55,True,alerta,
2026-06-22 12:00:00,nodo_01,sensor,7.11,5.059,2.051,2.051,19.58,-27.65,12.32,False,normal,
2026-06-22 12:00:00,nodo_02,sensor,5.613,4.509,1.104,0.652,23.84,-27.65,12.32,True,alerta,
2026-06-22 18:00:00,nodo_01,sensor,7.095,5.07,2.025,2.025,19.27,-27.52,13.15,False,normal,
2026-06-22 18:00:00,nodo_02,sensor,5.641,4.512,1.129,0.57,25.16,-27.52,13.15,True,alerta,
2026-06-23 00:00:00,,boletin_oficial,,,,,,-27.49,12.22,,,2
2026-06-23 00:00:00,nodo_01,sensor,7.087,5.057,2.03,2.03,20.21,-27.98,12.87,False,normal,
2026-06-23 00:00:00,nodo_02,sensor,5.603,4.493,1.11,0.633,23.3,-27.98,12.87,True,alerta,
2026-06-23 06:00:00,nodo_01,sensor,7.087,4.998,2.089,2.089,20.71,-28.12,12.55,False,normal,
2026-06-23 06:00:00,nodo_02,sensor,5.612,4.486,1.126,0.579,24.16,-28.12,12.55,True,alerta,
2026-06-23 12:00:00,nodo_01,sensor,7.168,5.121,2.047,2.047,19.29,-27.82,12.67,False,normal,
2026-06-23 12:00:00,nodo_02,sensor,5.609,4.495,1.114,0.621,26.27,-27.82,12.67,True,alerta,
2026-06-23 18:00:00,nodo_01,sensor,7.133,4.993,2.14,2.14,20.93,-27.83,12.44,False,normal,
2026-06-23 18:00:00,nodo_02,sensor,5.667,4.571,1.096,0.679,22.87,-27.83,12.44,True,alerta,
2026-06-24 00:00:00,nodo_01,sensor,7.115,5.039,2.076,2.076,20.45,-28.06,12.37,False,normal,
2026-06-24 00:00:00,nodo_02,sensor,5.616,4.509,1.107,0.645,21.03,-28.06,12.37,True,alerta,
2026-06-24 06:00:00,nodo_01,sensor,7.164,5.02,2.144,2.144,19.19,-28.16,12.54,False,normal,
2026-06-24 06:00:00,nodo_02,sensor,5.65,4.528,1.122,0.592,25.05,-28.16,12.54,True,alerta,
2026-06-24 12:00:00,nodo_01,sensor,7.123,5.029,2.094,2.094,21.18,-28.13,12.45,False,normal,
2026-06-24 12:00:00,nodo_02,sensor,5.637,4.533,1.104,0.654,27.02,-28.13,12.45,True,alerta,
2026-06-24 18:00:00,nodo_01,sensor,7.098,5.097,2.001,2.001,18.89,-28.54,12.45,False,normal,
2026-06-24 18:00:00,nodo_02,sensor,5.653,4.566,1.087,0.71,26.11,-28.54,12.45,True,alerta,
2026-06-25 00:00:00,nodo_01,sensor,7.095,4.953,2.142,2.142,19.83,-28.53,13.09,False,normal,
2026-06-25 00:00:00,nodo_02,sensor,5.665,4.578,1.087,0.709,21.49,-28.53,13.09,True,alerta,
2026-06-25 06:00:00,nodo_01,sensor,7.083,5.042,2.041,2.041,18.45,-28.67,12.89,False,normal,
2026-06-25 06:00:00,nodo_02,sensor,5.609,4.48,1.129,0.571,23.59,-28.67,12.89,True,alerta,
2026-06-25 12:00:00,nodo_01,sensor,7.127,4.964,2.163,2.163,22.28,-28.73,12.97,False,normal,
2026-06-25 12:00:00,nodo_02,sensor,5.632,4.55,1.082,0.725,26.67,-28.73,12.97,True,alerta,
2026-06-25 18:00:00,nodo_01,sensor,7.14,4.973,2.167,2.167,17.53,-29.01,12.66,False,normal,
2026-06-25 18:00:00,nodo_02,sensor,5.655,4.534,1.121,0.597,25.24,-29.01,12.66,True,alerta,
2026-06-26 00:00:00,nodo_01,sensor,7.116,4.993,2.123,2.123,19.51,-28.74,12.48,False,normal,
2026-06-26 00:00:00,nodo_02,sensor,5.623,4.528,1.095,0.683,25.0,-28.74,12.48,True,alerta,
2026-06-26 06:00:00,nodo_01,sensor,7.075,5.026,2.049,2.049,20.95,-28.96,13.14,False,normal,
2026-06-26 06:00:00,nodo_02,sensor,5.554,4.414,1.14,0.533,26.7,-28.96,13.14,True,alerta,
2026-06-26 12:00:00,nodo_01,sensor,7.12,5.008,2.112,2.112,17.47,-28.98,12.56,False,normal,
2026-06-26 12:00:00,nodo_02,sensor,5.616,4.506,1.11,0.634,24.32,-28.98,12.56,True,alerta,
2026-06-26 18:00:00,nodo_01,sensor,7.08,5.017,2.063,2.063,22.19,-28.59,12.96,False,normal,
2026-06-26 18:00:00,nodo_02,sensor,5.569,4.439,1.13,0.565,25.56,-28.59,12.96,True,alerta,
2026-06-27 00:00:00,nodo_01,sensor,7.137,5.075,2.062,2.062,19.63,-29.62,12.69,False,normal,
2026-06-27 00:00:00,nodo_02,sensor,5.679,4.614,1.065,0.782,25.91,-29.62,12.69,True,alerta,
2026-06-27 06:00:00,nodo_01,sensor,7.087,5.025,2.062,2.062,19.81,-29.74,12.6,False,normal,
2026-06-27 06:00:00,nodo_02,sensor,5.578,4.463,1.115,0.616,28.27,-29.74,12.6,True,alerta,
2026-06-27 12:00:00,nodo_01,sensor,7.123,4.99,2.133,2.133,20.01,-29.36,12.06,False,normal,
2026-06-27 12:00:00,nodo_02,sensor,5.631,4.503,1.128,0.572,24.09,-29.36,12.06,True,alerta,
2026-06-27 18:00:00,nodo_01,sensor,7.122,4.988,2.134,2.134,20.04,-29.57,12.41,False,normal,
2026-06-27 18:00:00,nodo_02,sensor,5.596,4.476,1.12,0.601,27.93,-29.57,12.41,True,alerta,
2026-06-28 00:00:00,nodo_01,sensor,7.107,4.92,2.187,2.187,18.86,-29.05,12.67,False,normal,
2026-06-28 00:00:00,nodo_02,sensor,5.606,4.499,1.107,0.642,24.46,-29.05,12.67,True,alerta,
2026-06-28 06:00:00,nodo_01,sensor,7.11,4.966,2.144,2.144,21.77,-29.34,12.57,False,normal,
2026-06-28 06:00:00,nodo_02,sensor,5.6,4.488,1.112,0.626,23.0,-29.34,12.57,True,alerta,
2026-06-28 12:00:00,nodo_01,sensor,7.152,5.092,2.06,2.06,18.15,-29.84,12.39,False,normal,
2026-06-28 12:00:00,nodo_02,sensor,5.568,4.443,1.125,0.582,24.15,-29.84,12.39,True,alerta,
2026-06-28 18:00:00,nodo_01,sensor,7.11,5.051,2.059,2.059,18.4,-29.86,12.46,False,normal,
2026-06-28 18:00:00,nodo_02,sensor,5.631,4.531,1.1,0.667,28.6,-29.86,12.46,True,alerta,
2026-06-29 00:00:00,nodo_01,sensor,7.075,4.942,2.133,2.133,21.31,-29.59,12.51,False,normal,
2026-06-29 00:00:00,nodo_02,sensor,5.603,4.47,1.133,0.557,28.68,-29.59,12.51,True,alerta,
2026-06-29 06:00:00,nodo_01,sensor,7.103,5.057,2.046,2.046,18.59,-30.28,12.18,False,normal,
2026-06-29 06:00:00,nodo_02,sensor,5.598,4.457,1.141,0.529,22.93,-30.28,12.18,True,alerta,
2026-06-29 12:00:00,nodo_01,sensor,7.103,5.035,2.068,2.068,20.33,-30.12,12.38,False,normal,
2026-06-29 12:00:00,nodo_02,sensor,5.568,4.446,1.122,0.593,27.51,-30.12,12.38,True,alerta,
2026-06-29 18:00:00,nodo_01,sensor,7.106,5.04,2.066,2.066,19.41,-30.18,12.8,False,normal,
2026-06-29 18:00:00,nodo_02,sensor,5.575,4.436,1.139,0.537,27.07,-30.18,12.8,True,alerta,
2026-06-30 00:00:00,,boletin_oficial,,,,,,-29.68,12.45,,,2
2026-06-30 00:00:00,nodo_01,sensor,7.089,5.081,2.008,2.008,20.84,-30.58,12.36,False,normal,
2026-06-30 00:00:00,nodo_02,sensor,5.554,4.422,1.132,0.559,25.01,-30.58,12.36,True,alerta,
2026-06-30 06:00:00,nodo_01,sensor,7.084,4.982,2.102,2.102,19.39,-30.73,12.5,False,normal,
2026-06-30 06:00:00,nodo_02,sensor,5.637,4.534,1.103,0.655,25.45,-30.73,12.5,True,alerta,
2026-06-30 12:00:00,nodo_01,sensor,7.097,5.003,2.094,2.094,20.12,-30.54,12.38,False,normal,
2026-06-30 12:00:00,nodo_02,sensor,5.569,4.443,1.126,0.579,26.52,-30.54,12.38,True,alerta,
2026-06-30 18:00:00,nodo_01,sensor,7.098,5.021,2.077,2.077,20.84,-30.66,12.58,False,normal,
2026-06-30 18:00:00,nodo_02,sensor,5.588,4.478,1.11,0.634,23.55,-30.66,12.58,True,alerta,
2026-07-01 00:00:00,nodo_01,sensor,7.115,5.041,2.074,2.074,19.76,-30.45,12.75,False,normal,
2026-07-01 00:00:00,nodo_02,sensor,5.577,4.465,1.112,0.626,23.74,-30.45,12.75,True,alerta,
2026-07-01 06:00:00,nodo_01,sensor,7.127,4.991,2.136,2.136,18.99,-30.48,12.37,False,normal,
2026-07-01 06:00:00,nodo_02,sensor,5.562,4.439,1.123,0.591,27.5,-30.48,12.37,True,alerta,
2026-07-01 12:00:00,nodo_01,sensor,7.063,5.037,2.026,2.026,19.78,-31.15,13.16,False,normal,
2026-07-01 12:00:00,nodo_02,sensor,5.579,4.472,1.107,0.643,25.23,-31.15,13.16,True,alerta,
2026-07-01 18:00:00,nodo_01,sensor,7.091,4.968,2.123,2.123,22.53,-31.25,12.02,False,normal,
2026-07-01 18:00:00,nodo_02,sensor,5.618,4.478,1.14,0.533,24.35,-31.25,12.02,True,alerta,
2026-07-02 00:00:00,nodo_01,sensor,7.081,5.005,2.076,2.076,20.23,-31.02,11.72,False,normal,
2026-07-02 00:00:00,nodo_02,sensor,5.589,4.465,1.124,0.586,21.31,-31.02,11.72,True,alerta,
2026-07-02 06:00:00,nodo_01,sensor,7.129,5.018,2.111,2.111,19.8,-31.07,12.65,False,normal,
2026-07-02 06:00:00,nodo_02,sensor,5.622,4.544,1.078,0.74,24.6,-31.07,12.65,True,alerta,
2026-07-02 12:00:00,nodo_01,sensor,7.02,5.066,1.954,1.954,19.63,-31.42,12.5,False,normal,
2026-07-02 12:00:00,nodo_02,sensor,5.595,4.47,1.125,0.584,27.27,-31.42,12.5,True,alerta,
2026-07-02 18:00:00,nodo_01,sensor,7.117,4.995,2.122,2.122,18.57,-31.78,12.54,False,normal,
2026-07-02 18:00:00,nodo_02,sensor,5.564,4.439,1.125,0.584,24.29,-31.78,12.54,True,alerta,
2026-07-03 00:00:00,nodo_01,sensor,7.068,4.976,2.092,2.092,20.69,-31.44,12.95,False,normal,
2026-07-03 00:00:00,nodo_02,sensor,5.58,4.474,1.106,0.646,25.28,-31.44,12.95,True,alerta,
2026-07-03 06:00:00,nodo_01,sensor,7.056,5.049,2.007,2.007,19.85,-31.51,12.79,False,normal,
2026-07-03 06:00:00,nodo_02,sensor,5.552,4.437,1.115,0.617,28.28,-31.51,12.79,True,alerta,
2026-07-03 12:00:00,nodo_01,sensor,7.033,5.132,1.901,1.901,21.34,-31.61,12.78,False,normal,
2026-07-03 12:00:00,nodo_02,sensor,5.576,4.453,1.123,0.591,26.48,-31.61,12.78,True,alerta,
2026-07-03 18:00:00,nodo_01,sensor,7.085,5.028,2.057,2.057,17.39,-31.49,12.55,False,normal,
2026-07-03 18:00:00,nodo_02,sensor,5.574,4.471,1.103,0.656,26.28,-31.49,12.55,True,alerta,
2026-07-04 00:00:00,nodo_01,sensor,7.057,5.007,2.05,2.05,19.69,-31.92,12.02,False,normal,
2026-07-04 00:00:00,nodo_02,sensor,5.546,4.435,1.111,0.631,25.49,-31.92,12.02,True,alerta,
2026-07-04 06:00:00,nodo_01,sensor,7.075,5.022,2.053,2.053,21.27,-31.98,12.41,False,normal,
2026-07-04 06:00:00,nodo_02,sensor,5.585,4.465,1.12,0.601,25.41,-31.98,12.41,True,alerta,
2026-07-04 12:00:00,nodo_01,sensor,7.113,5.045,2.068,2.068,22.98,-32.01,11.99,False,normal,
2026-07-04 12:00:00,nodo_02,sensor,5.648,4.56,1.088,0.707,24.87,-32.01,11.99,True,alerta,
2026-07-04 18:00:00,nodo_01,sensor,7.094,4.924,2.17,2.17,20.23,-31.38,12.47,False,normal,
2026-07-04 18:00:00,nodo_02,sensor,5.644,4.518,1.126,0.58,24.46,-31.38,12.47,True,alerta,
2026-07-05 00:00:00,nodo_01,sensor,7.052,4.904,2.148,2.148,19.87,-32.2,12.14,False,normal,
2026-07-05 00:00:00,nodo_02,sensor,5.623,4.505,1.118,0.605,27.42,-32.2,12.14,True,alerta,
2026-07-05 06:00:00,nodo_01,sensor,7.058,4.964,2.094,2.094,17.42,-31.92,12.31,False,normal,
2026-07-05 06:00:00,nodo_02,sensor,5.582,4.5,1.082,0.727,26.26,-31.92,12.31,True,alerta,
2026-07-05 12:00:00,nodo_01,sensor,7.109,5.01,2.099,2.099,22.45,-32.26,12.62,False,normal,
2026-07-05 12:00:00,nodo_02,sensor,5.596,4.486,1.11,0.634,25.02,-32.26,12.62,True,alerta,
2026-07-05 18:00:00,nodo_01,sensor,7.059,5.027,2.032,2.032,18.87,-32.93,12.21,False,normal,
2026-07-05 18:00:00,nodo_02,sensor,5.533,4.421,1.112,0.627,24.48,-32.93,12.21,True,alerta,
2026-07-06 00:00:00,nodo_01,sensor,7.109,4.955,2.154,2.154,17.64,-31.96,12.55,False,normal,
2026-07-06 00:00:00,nodo_02,sensor,5.544,4.409,1.135,0.549,22.38,-31.96,12.55,True,alerta,
2026-07-06 06:00:00,nodo_01,sensor,7.032,4.894,2.138,2.138,20.43,-32.79,12.29,False,normal,
2026-07-06 06:00:00,nodo_02,sensor,5.573,4.433,1.14,0.534,23.71,-32.79,12.29,True,alerta,
2026-07-06 12:00:00,nodo_01,sensor,7.083,4.97,2.113,2.113,20.22,-32.44,12.93,False,normal,
2026-07-06 12:00:00,nodo_02,sensor,5.556,4.435,1.121,0.597,26.4,-32.44,12.93,True,alerta,
2026-07-06 18:00:00,nodo_01,sensor,7.059,4.983,2.076,2.076,19.15,-32.75,12.83,False,normal,
2026-07-06 18:00:00,nodo_02,sensor,5.539,4.388,1.151,0.498,28.65,-32.75,12.83,True,alerta,
2026-07-07 00:00:00,nodo_01,sensor,7.049,4.966,2.083,2.083,22.47,-32.9,12.25,False,normal,
2026-07-07 00:00:00,nodo_02,sensor,5.549,4.422,1.127,0.578,23.51,-32.9,12.25,True,alerta,
2026-07-07 06:00:00,nodo_01,sensor,7.038,4.955,2.083,2.083,22.3,-32.81,12.44,False,normal,
2026-07-07 06:00:00,nodo_02,sensor,5.573,4.443,1.13,0.568,25.53,-32.81,12.44,True,alerta,
2026-07-07 12:00:00,nodo_01,sensor,7.062,4.992,2.07,2.07,17.42,-32.63,12.15,False,normal,
2026-07-07 12:00:00,nodo_02,sensor,5.546,4.394,1.152,0.494,26.52,-32.63,12.15,True,alerta,
2026-07-07 18:00:00,nodo_01,sensor,7.058,4.911,2.147,2.147,21.4,-32.83,12.28,False,normal,
2026-07-07 18:00:00,nodo_02,sensor,5.605,4.47,1.135,0.551,27.78,-32.83,12.28,True,alerta,
2026-07-08 00:00:00,,boletin_oficial,,,,,,-32.1,12.74,,,3
2026-07-08 00:00:00,nodo_01,sensor,7.064,4.912,2.152,2.152,21.29,-33.04,12.92,False,normal,
2026-07-08 00:00:00,nodo_02,sensor,5.515,4.367,1.148,0.506,26.81,-33.04,12.92,True,alerta,
2026-07-08 06:00:00,nodo_01,sensor,7.009,4.996,2.013,2.013,20.03,-33.16,13.13,False,normal,
2026-07-08 06:00:00,nodo_02,sensor,5.528,4.404,1.124,0.586,24.11,-33.16,13.13,True,alerta,
2026-07-08 12:00:00,nodo_01,sensor,7.046,5.016,2.03,2.03,20.97,-33.6,12.42,False,normal,
2026-07-08 12:00:00,nodo_02,sensor,5.581,4.461,1.12,0.602,25.8,-33.6,12.42,True,alerta,
2026-07-08 18:00:00,nodo_01,sensor,7.124,5.049,2.075,2.075,22.58,-33.15,12.58,False,normal,
2026-07-08 18:00:00,nodo_02,sensor,5.494,4.341,1.153,0.489,24.89,-33.15,12.58,True,alerta,
2026-07-09 00:00:00,nodo_01,sensor,7.077,4.91,2.167,2.167,20.61,-33.53,12.2,False,normal,
2026-07-09 00:00:00,nodo_02,sensor,5.542,4.412,1.13,0.567,26.03,-33.53,12.2,True,alerta,
2026-07-09 06:00:00,nodo_01,sensor,7.035,4.996,2.039,2.039,21.33,-33.57,12.76,False,normal,
2026-07-09 06:00:00,nodo_02,sensor,5.575,4.441,1.134,0.554,27.04,-33.57,12.76,True,alerta,
2026-07-09 12:00:00,nodo_01,sensor,7.079,4.993,2.086,2.086,21.68,-33.78,12.26,False,normal,
2026-07-09 12:00:00,nodo_02,sensor,5.573,4.454,1.119,0.604,25.88,-33.78,12.26,True,alerta,
2026-07-09 18:00:00,nodo_01,sensor,7.018,5.061,1.957,1.957,20.48,-33.99,12.73,False,normal,
2026-07-09 18:00:00,nodo_02,sensor,5.555,4.41,1.145,0.517,26.14,-33.99,12.73,True,alerta,
2026-07-10 00:00:00,nodo_01,sensor,7.075,4.956,2.119,2.119,19.19,-33.52,12.83,False,normal,
2026-07-10 00:00:00,nodo_02,sensor,5.563,4.416,1.147,0.509,24.69,-33.52,12.83,True,alerta,
2026-07-10 06:00:00,nodo_01,sensor,7.057,4.968,2.089,2.089,21.16,-34.03,12.99,False,normal,
2026-07-10 06:00:00,nodo_02,sensor,5.558,4.446,1.112,0.627,26.94,-34.03,12.99,True,alerta,
2026-07-10 12:00:00,nodo_01,sensor,7.056,5.012,2.044,2.044,16.71,-34.21,12.45,False,normal,
2026-07-10 12:00:00,nodo_02,sensor,5.548,4.396,1.152,0.492,27.27,-34.21,12.45,True,alerta,
2026-07-10 18:00:00,nodo_01,sensor,7.034,4.981,2.053,2.053,19.52,-34.36,12.71,False,normal,
2026-07-10 18:00:00,nodo_02,sensor,5.56,4.413,1.147,0.51,25.77,-34.36,12.71,True,alerta,
2026-07-11 00:00:00,nodo_01,sensor,7.034,4.996,2.038,2.038,21.49,-34.23,12.72,False,normal,
2026-07-11 00:00:00,nodo_02,sensor,5.574,4.453,1.121,0.597,23.11,-34.23,12.72,True,alerta,
2026-07-11 06:00:00,nodo_01,sensor,7.052,5.059,1.993,1.993,20.9,-34.21,11.96,False,normal,
2026-07-11 06:00:00,nodo_02,sensor,5.497,4.343,1.154,0.487,24.9,-34.21,11.96,True,alerta,
2026-07-11 12:00:00,nodo_01,sensor,7.038,4.976,2.062,2.062,20.19,-34.69,12.53,False,normal,
2026-07-11 12:00:00,nodo_02,sensor,5.534,4.393,1.141,0.529,24.49,-34.69,12.53,True,alerta,
2026-07-11 18:00:00,nodo_01,sensor,7.087,4.915,2.172,2.172,21.12,-34.6,12.73,False,normal,
2026-07-11 18:00:00,nodo_02,sensor,5.596,4.451,1.145,0.518,26.16,-34.6,12.73,True,alerta,
2026-07-12 00:00:00,nodo_01,sensor,7.026,4.983,2.043,2.043,20.57,-34.81,12.61,False,normal,
2026-07-12 00:00:00,nodo_02,sensor,5.528,4.404,1.124,0.585,26.07,-34.81,12.61,True,alerta,
2026-07-12 06:00:00,nodo_01,sensor,7.08,5.049,2.031,2.031,20.96,-34.17,12.8,False,normal,
2026-07-12 06:00:00,nodo_02,sensor,5.572,4.43,1.142,0.527,23.32,-34.17,12.8,True,alerta,
2026-07-12 12:00:00,nodo_01,sensor,7.056,4.977,2.079,2.079,20.78,-34.68,12.4,False,normal,
2026-07-12 12:00:00,nodo_02,sensor,5.529,4.396,1.133,0.556,24.39,-34.68,12.4,True,alerta,
2026-07-12 18:00:00,nodo_01,sensor,7.04,4.981,2.059,2.059,20.01,-34.6,12.42,False,normal,
2026-07-12 18:00:00,nodo_02,sensor,5.603,4.502,1.101,0.665,26.39,-34.6,12.42,True,alerta,
2026-07-13 00:00:00,nodo_01,sensor,7.096,5.027,2.069,2.069,19.24,-34.78,12.15,False,normal,
2026-07-13 00:00:00,nodo_02,sensor,5.496,4.341,1.155,0.485,25.31,-34.78,12.15,True,alerta,
2026-07-13 06:00:00,nodo_01,sensor,7.074,4.902,2.172,2.172,20.47,-35.25,12.1,False,normal,
2026-07-13 06:00:00,nodo_02,sensor,5.542,4.397,1.145,0.517,24.93,-35.25,12.1,True,alerta,
2026-07-13 12:00:00,nodo_01,sensor,7.049,5.024,2.025,2.025,20.23,-35.0,12.2,False,normal,
2026-07-13 12:00:00,nodo_02,sensor,5.561,4.443,1.118,0.607,24.49,-35.0,12.2,True,alerta,
2026-07-13 18:00:00,nodo_01,sensor,7.088,4.982,2.106,2.106,18.28,-35.31,12.34,False,normal,
2026-07-13 18:00:00,nodo_02,sensor,5.563,4.412,1.151,0.496,23.48,-35.31,12.34,True,alerta,
2026-07-14 00:00:00,,boletin_oficial,,,,,,-33.87,12.45,,,2
2026-07-14 00:00:00,nodo_01,sensor,7.083,5.073,2.01,2.01,21.46,-34.76,12.54,False,normal,
2026-07-14 00:00:00,nodo_02,sensor,5.549,4.395,1.154,0.488,25.76,-34.76,12.54,True,alerta,
2026-07-14 06:00:00,nodo_01,sensor,7.017,5.04,1.977,1.977,19.73,-35.06,12.77,False,normal,
2026-07-14 06:00:00,nodo_02,sensor,5.554,4.418,1.136,0.548,25.51,-35.06,12.77,True,alerta,
2026-07-14 12:00:00,nodo_01,sensor,6.998,4.903,2.095,2.095,21.6,-35.04,12.0,False,normal,
2026-07-14 12:00:00,nodo_02,sensor,5.526,4.382,1.144,0.519,25.2,-35.04,12.0,True,alerta,
2026-07-14 18:00:00,nodo_01,sensor,7.039,4.988,2.051,2.051,20.35,-35.73,12.67,False,normal,
2026-07-14 18:00:00,nodo_02,sensor,5.564,4.448,1.116,0.612,26.68,-35.73,12.67,True,alerta,
2026-07-15 00:00:00,nodo_01,sensor,7.056,4.985,2.071,2.071,21.05,-35.24,11.98,False,normal,
2026-07-15 00:00:00,nodo_02,sensor,5.511,4.34,1.171,0.43,22.96,-35.24,11.98,True,alerta,
2026-07-15 06:00:00,nodo_01,sensor,7.022,4.958,2.064,2.064,20.33,-35.75,12.54,False,normal,
2026-07-15 06:00:00,nodo_02,sensor,5.545,4.408,1.137,0.545,26.66,-35.75,12.54,True,alerta,
2026-07-15 12:00:00,nodo_01,sensor,7.026,4.958,2.068,2.068,19.57,-35.87,12.51,False,normal,
2026-07-15 12:00:00,nodo_02,sensor,5.526,4.391,1.135,0.548,27.12,-35.87,12.51,True,alerta,
2026-07-15 18:00:00,nodo_01,sensor,7.042,5.005,2.037,2.037,18.22,-35.93,12.21,False,normal,
2026-07-15 18:00:00,nodo_02,sensor,5.532,4.397,1.135,0.549,25.12,-35.93,12.21,True,alerta,
2026-07-16 00:00:00,nodo_01,sensor,7.079,4.999,2.08,2.08,22.66,-35.77,12.45,False,normal,
2026-07-16 00:00:00,nodo_02,sensor,5.528,4.398,1.13,0.566,26.2,-35.77,12.45,True,alerta,
2026-07-16 06:00:00,nodo_01,sensor,7.037,4.969,2.068,2.068,20.21,-35.7,11.99,False,normal,
2026-07-16 06:00:00,nodo_02,sensor,5.543,4.386,1.157,0.476,25.21,-35.7,11.99,True,alerta,
2026-07-16 12:00:00,nodo_01,sensor,7.07,5.011,2.059,2.059,22.59,-35.78,12.31,False,normal,
2026-07-16 12:00:00,nodo_02,sensor,5.498,4.365,1.133,0.556,28.12,-35.78,12.31,True,alerta,
2026-07-16 18:00:00,nodo_01,sensor,7.01,5.057,1.953,1.953,18.12,-36.4,12.21,False,normal,
2026-07-16 18:00:00,nodo_02,sensor,5.537,4.402,1.135,0.55,26.93,-36.4,12.21,True,alerta,
2026-07-17 00:00:00,nodo_01,sensor,7.0,5.114,1.886,1.886,19.64,-36.44,12.53,False,normal,
2026-07-17 00:00:00,nodo_02,sensor,5.536,4.372,1.164,0.453,24.49,-36.44,12.53,True,alerta,
2026-07-17 06:00:00,nodo_01,sensor,7.06,4.971,2.089,2.089,17.97,-35.97,12.28,False,normal,
2026-07-17 06:00:00,nodo_02,sensor,5.553,4.409,1.144,0.521,23.4,-35.97,12.28,True,alerta,
2026-07-17 12:00:00,nodo_01,sensor,7.053,4.98,2.073,2.073,19.1,-36.55,12.76,False,normal,
2026-07-17 12:00:00,nodo_02,sensor,5.593,4.493,1.1,0.665,25.29,-36.55,12.76,True,alerta,
2026-07-17 18:00:00,nodo_01,sensor,7.03,5.009,2.021,2.021,24.15,-36.93,12.8,False,normal,
2026-07-17 18:00:00,nodo_02,sensor,5.513,4.341,1.172,0.426,24.79,-36.93,12.8,True,alerta,
2026-07-18 00:00:00,nodo_01,sensor,7.028,4.931,2.097,2.097,20.42,-36.71,13.19,False,normal,
2026-07-18 00:00:00,nodo_02,sensor,5.528,4.381,1.147,0.51,25.17,-36.71,13.19,True,alerta,
2026-07-18 06:00:00,nodo_01,sensor,7.006,5.006,2.0,2.0,18.8,-36.18,12.57,False,normal,
2026-07-18 06:00:00,nodo_02,sensor,5.531,4.404,1.127,0.577,28.54,-36.18,12.57,True,alerta,
2026-07-18 12:00:00,nodo_01,sensor,7.02,4.942,2.078,2.078,20.3,-37.0,12.61,False,normal,
2026-07-18 12:00:00,nodo_02,sensor,5.542,4.396,1.146,0.514,21.44,-37.0,12.61,True,alerta,
2026-07-18 18:00:00,nodo_01,sensor,7.0,5.01,1.99,1.99,18.11,-37.22,12.69,False,normal,
2026-07-18 18:00:00,nodo_02,sensor,5.55,4.401,1.149,0.503,26.47,-37.22,12.69,True,alerta,
2026-07-19 00:00:00,nodo_01,sensor,6.997,4.961,2.036,2.036,21.35,-36.74,12.87,False,normal,
2026-07-19 00:00:00,nodo_02,sensor,5.567,4.447,1.12,0.601,24.26,-36.74,12.87,True,alerta,
2026-07-19 06:00:00,nodo_01,sensor,6.989,4.938,2.051,2.051,19.56,-37.25,11.92,False,normal,
2026-07-19 06:00:00,nodo_02,sensor,5.536,4.39,1.146,0.514,24.61,-37.25,11.92,True,alerta,
2026-07-19 12:00:00,nodo_01,sensor,6.982,5.048,1.934,1.934,21.93,-37.3,12.44,False,normal,
2026-07-19 12:00:00,nodo_02,sensor,5.508,4.366,1.142,0.528,27.24,-37.3,12.44,True,alerta,
2026-07-19 18:00:00,nodo_01,sensor,7.024,5.078,1.946,1.946,20.74,-37.29,12.58,False,normal,
2026-07-19 18:00:00,nodo_02,sensor,5.544,4.399,1.145,0.516,24.54,-37.29,12.58,True,alerta,
2026-07-20 00:00:00,nodo_01,sensor,7.029,4.941,2.088,2.088,22.81,-37.47,12.63,False,normal,
2026-07-20 00:00:00,nodo_02,sensor,5.555,4.421,1.134,0.553,24.96,-37.47,12.63,True,alerta,
2026-07-20 06:00:00,nodo_01,sensor,6.965,5.106,1.859,1.859,18.82,-37.39,12.56,False,normal,
2026-07-20 06:00:00,nodo_02,sensor,5.526,4.383,1.143,0.524,28.37,-37.39,12.56,True,alerta,
2026-07-20 12:00:00,nodo_01,sensor,7.037,4.952,2.085,2.085,20.2,-37.55,12.88,False,normal,
2026-07-20 12:00:00,nodo_02,sensor,5.521,4.394,1.127,0.575,25.91,-37.55,12.88,True,alerta,
2026-07-20 18:00:00,nodo_01,sensor,7.03,4.967,2.063,2.063,21.15,-37.61,12.57,False,normal,
2026-07-20 18:00:00,nodo_02,sensor,5.505,4.403,1.102,0.66,25.57,-37.61,12.57,True,alerta,
2026-07-21 00:00:00,,boletin_oficial,,,,,,-37.39,12.32,,,2
2026-07-21 00:00:00,nodo_01,sensor,7.082,5.101,1.981,1.981,19.75,-37.84,12.51,False,normal,
2026-07-21 00:00:00,nodo_02,sensor,5.497,4.337,1.16,0.468,24.82,-37.84,12.51,True,alerta,
2026-07-21 06:00:00,nodo_01,sensor,7.031,4.959,2.072,2.072,21.78,-37.69,12.2,False,normal,
2026-07-21 06:00:00,nodo_02,sensor,5.505,4.347,1.158,0.472,23.48,-37.69,12.2,True,alerta,
2026-07-21 12:00:00,nodo_01,sensor,7.031,5.051,1.98,1.98,19.7,-37.68,12.11,False,normal,
2026-07-21 12:00:00,nodo_02,sensor,5.492,4.332,1.16,0.467,24.11,-37.68,12.11,True,alerta,
2026-07-21 18:00:00,nodo_01,sensor,7.06,5.001,2.059,2.059,20.03,-38.06,12.48,False,normal,
2026-07-21 18:00:00,nodo_02,sensor,5.542,4.404,1.138,0.539,26.33,-38.06,12.48,True,alerta,
2026-07-22 00:00:00,nodo_01,sensor,6.924,4.959,1.965,1.965,21.81,-37.78,12.3,False,normal,
2026-07-22 00:00:00,nodo_02,sensor,5.521,4.382,1.139,0.538,27.13,-37.78,12.3,True,alerta,
2026-07-22 06:00:00,nodo_01,sensor,6.973,5.021,1.952,1.952,19.9,-38.16,11.77,False,normal,
2026-07-22 06:00:00,nodo_02,sensor,5.562,4.442,1.12,0.599,24.91,-38.16,11.77,True,alerta,
2026-07-22 12:00:00,nodo_01,sensor,6.959,4.981,1.978,1.978,19.92,-38.45,12.24,False,normal,
2026-07-22 12:00:00,nodo_02,sensor,5.511,4.332,1.179,0.404,28.13,-38.45,12.24,True,alerta,
2026-07-22 18:00:00,nodo_01,sensor,7.012,5.019,1.993,1.993,18.71,-38.5,11.79,False,normal,
2026-07-22 18:00:00,nodo_02,sensor,5.491,4.315,1.176,0.412,24.99,-38.5,11.79,True,alerta,
2026-07-23 00:00:00,nodo_01,sensor,7.016,4.983,2.033,2.033,18.99,-38.23,12.12,False,normal,
2026-07-23 00:00:00,nodo_02,sensor,5.552,4.438,1.114,0.621,25.83,-38.23,12.12,True,alerta,
2026-07-23 06:00:00,nodo_01,sensor,7.004,5.043,1.961,1.961,18.59,-38.58,12.53,False,normal,
2026-07-23 06:00:00,nodo_02,sensor,5.549,4.414,1.135,0.55,23.38,-38.58,12.53,True,alerta,
2026-07-23 12:00:00,nodo_01,sensor,6.965,5.017,1.948,1.948,21.51,-38.4,12.34,False,normal,
2026-07-23 12:00:00,nodo_02,sensor,5.554,4.426,1.128,0.573,25.59,-38.4,12.34,True,alerta,
2026-07-23 18:00:00,nodo_01,sensor,6.989,4.977,2.012,2.012,18.75,-38.65,12.85,False,normal,
2026-07-23 18:00:00,nodo_02,sensor,5.47,4.307,1.163,0.458,27.78,-38.65,12.85,True,alerta,
2026-07-24 00:00:00,nodo_01,sensor,7.018,5.029,1.989,1.989,19.77,-38.8,12.14,False,normal,
2026-07-24 00:00:00,nodo_02,sensor,5.554,4.432,1.122,0.595,24.94,-38.8,12.14,True,alerta,
2026-07-24 06:00:00,nodo_01,sensor,7.014,4.936,2.078,2.078,23.51,-38.76,12.52,False,normal,
2026-07-24 06:00:00,nodo_02,sensor,5.505,4.355,1.15,0.499,26.3,-38.76,12.52,True,alerta,
2026-07-24 12:00:00,nodo_01,sensor,6.989,5.021,1.968,1.968,19.59,-39.08,12.42,False,normal,
2026-07-24 12:00:00,nodo_02,sensor,5.517,4.388,1.129,0.569,24.13,-39.08,12.42,True,alerta,
2026-07-24 18:00:00,nodo_01,sensor,6.929,4.985,1.944,1.944,19.2,-39.35,12.19,False,normal,
2026-07-24 18:00:00,nodo_02,sensor,5.511,4.364,1.147,0.509,27.26,-39.35,12.19,True,alerta,
2026-07-25 00:00:00,nodo_01,sensor,7.002,4.975,2.027,2.027,21.3,-38.45,12.75,False,normal,
2026-07-25 00:00:00,nodo_02,sensor,5.465,4.309,1.156,0.481,25.02,-38.45,12.75,True,alerta,
2026-07-25 06:00:00,nodo_01,sensor,6.987,4.979,2.008,2.008,20.67,-39.04,12.59,False,normal,
2026-07-25 06:00:00,nodo_02,sensor,5.486,4.314,1.172,0.426,26.29,-39.04,12.59,True,alerta,
2026-07-25 12:00:00,nodo_01,sensor,6.994,4.969,2.025,2.025,19.36,-39.23,12.52,False,normal,
2026-07-25 12:00:00,nodo_02,sensor,5.523,4.377,1.146,0.513,24.74,-39.23,12.52,True,alerta,
2026-07-25 18:00:00,nodo_01,sensor,6.987,5.013,1.974,1.974,18.48,-39.18,12.35,False,normal,
2026-07-25 18:00:00,nodo_02,sensor,5.458,4.295,1.163,0.458,24.39,-39.18,12.35,True,alerta,
2026-07-26 00:00:00,nodo_01,sensor,7.041,4.967,2.074,2.074,19.35,-39.51,12.12,False,normal,
2026-07-26 00:00:00,nodo_02,sensor,5.516,4.391,1.125,0.585,23.2,-39.51,12.12,True,alerta,
2026-07-26 06:00:00,nodo_01,sensor,6.979,5.03,1.949,1.949,18.78,-39.44,12.28,False,normal,
2026-07-26 06:00:00,nodo_02,sensor,5.497,4.36,1.137,0.542,25.83,-39.44,12.28,True,alerta,
2026-07-26 12:00:00,nodo_01,sensor,7.01,5.043,1.967,1.967,19.37,-39.29,11.85,False,normal,
2026-07-26 12:00:00,nodo_02,sensor,5.473,4.309,1.164,0.452,26.88,-39.29,11.85,True,alerta,
2026-07-26 18:00:00,nodo_01,sensor,7.008,4.955,2.053,2.053,21.3,-39.49,12.52,False,normal,
2026-07-26 18:00:00,nodo_02,sensor,5.529,4.405,1.124,0.586,25.92,-39.49,12.52,True,alerta,
2026-07-27 00:00:00,nodo_01,sensor,7.001,4.957,2.044,2.044,19.25,-39.64,12.68,False,normal,
2026-07-27 00:00:00,nodo_02,sensor,5.473,4.316,1.157,0.476,25.0,-39.64,12.68,True,alerta,
2026-07-27 06:00:00,nodo_01,sensor,7.036,5.024,2.012,2.012,19.45,-39.35,12.68,False,normal,
2026-07-27 06:00:00,nodo_02,sensor,5.498,4.35,1.148,0.507,25.66,-39.35,12.68,True,alerta,
2026-07-27 12:00:00,nodo_01,sensor,6.992,4.97,2.022,2.022,17.91,-39.88,12.41,False,normal,
2026-07-27 12:00:00,nodo_02,sensor,5.54,4.369,1.171,0.43,27.17,-39.88,12.41,True,alerta,
2026-07-27 18:00:00,nodo_01,sensor,7.027,4.98,2.047,2.047,20.73,-40.38,12.65,False,normal,
2026-07-27 18:00:00,nodo_02,sensor,5.483,4.305,1.178,0.407,25.92,-40.38,12.65,True,alerta,
2026-07-28 00:00:00,nodo_01,sensor,7.028,5.01,2.018,2.018,20.72,-40.38,12.62,False,normal,
2026-07-28 00:00:00,nodo_02,sensor,5.494,4.359,1.135,0.551,25.15,-40.38,12.62,True,alerta,
2026-07-28 06:00:00,nodo_01,sensor,7.023,4.98,2.043,2.043,19.51,-40.11,12.38,False,normal,
2026-07-28 06:00:00,nodo_02,sensor,5.524,4.378,1.146,0.513,24.76,-40.11,12.38,True,alerta,
2026-07-28 12:00:00,nodo_01,sensor,6.977,4.859,2.118,2.118,19.17,-40.07,12.21,False,normal,
2026-07-28 12:00:00,nodo_02,sensor,5.539,4.432,1.107,0.643,23.95,-40.07,12.21,True,alerta,
2026-07-28 18:00:00,nodo_01,sensor,6.982,5.057,1.925,1.925,23.06,-40.3,11.75,False,normal,
2026-07-28 18:00:00,nodo_02,sensor,5.506,4.372,1.134,0.552,23.93,-40.3,11.75,True,alerta,
2026-07-29 00:00:00,,boletin_oficial,,,,,,-39.37,12.3,,,3
2026-07-29 00:00:00,nodo_01,sensor,7.051,5.049,2.002,2.002,20.13,-40.46,12.51,False,normal,
2026-07-29 00:00:00,nodo_02,sensor,5.485,4.285,1.2,0.334,26.31,-40.46,12.51,True,alerta,
2026-07-29 06:00:00,nodo_01,sensor,6.966,4.88,2.086,2.086,20.47,-40.75,12.36,False,normal,
2026-07-29 06:00:00,nodo_02,sensor,5.546,4.434,1.112,0.628,25.46,-40.75,12.36,True,alerta,
2026-07-29 12:00:00,nodo_01,sensor,6.986,4.932,2.054,2.054,18.53,-40.85,12.58,False,normal,
2026-07-29 12:00:00,nodo_02,sensor,5.467,4.287,1.18,0.4,27.31,-40.85,12.58,True,alerta,
2026-07-29 18:00:00,nodo_01,sensor,6.986,4.984,2.002,2.002,20.09,-40.84,12.79,False,normal,
2026-07-29 18:00:00,nodo_02,sensor,5.5,4.358,1.142,0.528,25.41,-40.84,12.79,True,alerta,
2026-07-30 00:00:00,nodo_01,sensor,6.995,5.025,1.97,1.97,21.0,-40.65,12.47,False,normal,
2026-07-30 00:00:00,nodo_02,sensor,5.492,4.347,1.145,0.516,25.66,-40.65,12.47,True,alerta,
2026-07-30 06:00:00,nodo_01,sensor,6.912,4.916,1.996,1.996,17.26,-41.34,12.37,False,normal,
2026-07-30 06:00:00,nodo_02,sensor,5.518,4.373,1.145,0.517,23.48,-41.34,12.37,True,alerta,
2026-07-30 12:00:00,nodo_01,sensor,7.006,4.991,2.015,2.015,20.35,-40.9,12.73,False,normal,
2026-07-30 12:00:00,nodo_02,sensor,5.518,4.38,1.138,0.541,25.42,-40.9,12.73,True,alerta,
2026-07-30 18:00:00,nodo_01,sensor,7.016,5.103,1.913,1.913,18.69,-41.18,11.95,False,normal,
2026-07-30 18:00:00,nodo_02,sensor,5.517,4.385,1.132,0.559,25.57,-41.18,11.95,True,alerta,
2026-07-31 00:00:00,nodo_01,sensor,6.991,4.91,2.081,2.081,19.0,-40.82,12.28,False,normal,
2026-07-31 00:00:00,nodo_02,sensor,5.435,4.259,1.176,0.414,26.62,-40.82,12.28,True,alerta,
2026-07-31 06:00:00,nodo_01,sensor,6.977,5.037,1.94,1.94,20.19,-41.34,12.52,False,normal,
2026-07-31 06:00:00,nodo_02,sensor,5.427,4.241,1.186,0.38,24.79,-41.34,12.52,True,alerta,
2026-07-31 12:00:00,nodo_01,sensor,6.926,4.938,1.988,1.988,20.21,-41.69,12.31,False,normal,
2026-07-31 12:00:00,nodo_02,sensor,5.49,4.332,1.158,0.475,25.38,-41.69,12.31,True,alerta,
2026-07-31 18:00:00,nodo_01,sensor,6.97,4.919,2.051,2.051,18.84,-41.64,12.42,False,normal,
2026-07-31 18:00:00,nodo_02,sensor,5.51,4.339,1.171,0.431,26.35,-41.64,12.42,True,alerta,
2026-08-01 00:00:00,nodo_01,sensor,7.041,5.103,1.938,1.938,17.4,-41.16,12.47,False,normal,
2026-08-01 00:00:00,nodo_02,sensor,5.495,4.342,1.153,0.491,24.74,-41.16,12.47,True,alerta,
2026-08-01 06:00:00,nodo_01,sensor,6.963,4.999,1.964,1.964,21.81,-41.51,12.46,False,normal,
2026-08-01 06:00:00,nodo_02,sensor,5.49,4.328,1.162,0.459,24.96,-41.51,12.46,True,alerta,
2026-08-01 12:00:00,nodo_01,sensor,6.969,4.995,1.974,1.974,18.09,-41.61,12.08,False,normal,
2026-08-01 12:00:00,nodo_02,sensor,5.459,4.292,1.167,0.443,25.57,-41.61,12.08,True,alerta,
2026-08-01 18:00:00,nodo_01,sensor,6.986,4.966,2.02,2.02,21.06,-41.61,12.26,False,normal,
2026-08-01 18:00:00,nodo_02,sensor,5.52,4.369,1.151,0.496,26.97,-41.61,12.26,True,alerta,
2026-08-02 00:00:00,nodo_01,sensor,6.983,4.949,2.034,2.034,20.37,-41.89,12.69,False,normal,
2026-08-02 00:00:00,nodo_02,sensor,5.451,4.251,1.2,0.334,24.87,-41.89,12.69,True,alerta,
2026-08-02 06:00:00,nodo_01,sensor,6.945,4.905,2.04,2.04,21.12,-41.83,12.45,False,normal,
2026-08-02 06:00:00,nodo_02,sensor,5.528,4.397,1.131,0.565,22.89,-41.83,12.45,True,alerta,
2026-08-02 12:00:00,nodo_01,sensor,6.959,5.031,1.928,1.928,19.92,-42.16,12.17,False,normal,
2026-08-02 12:00:00,nodo_02,sensor,5.454,4.281,1.173,0.425,26.38,-42.16,12.17,True,alerta,
2026-08-02 18:00:00,nodo_01,sensor,6.993,5.021,1.972,1.972,20.06,-42.25,12.49,False,normal,
2026-08-02 18:00:00,nodo_02,sensor,5.52,4.367,1.153,0.491,24.7,-42.25,12.49,True,alerta,
2026-08-03 00:00:00,nodo_01,sensor,6.995,4.969,2.026,2.026,19.36,-42.36,12.29,False,normal,
2026-08-03 00:00:00,nodo_02,sensor,5.508,4.358,1.15,0.498,27.17,-42.36,12.29,True,alerta,
2026-08-03 06:00:00,nodo_01,sensor,6.976,5.049,1.927,1.927,18.17,-42.14,12.11,False,normal,
2026-08-03 06:00:00,nodo_02,sensor,5.491,4.339,1.152,0.493,22.74,-42.14,12.11,True,alerta,
2026-08-03 12:00:00,nodo_01,sensor,6.941,5.0,1.941,1.941,17.1,-42.4,12.21,False,normal,
2026-08-03 12:00:00,nodo_02,sensor,5.456,4.255,1.201,0.328,26.35,-42.4,12.21,True,alerta,
2026-08-03 18:00:00,nodo_01,sensor,6.943,4.972,1.971,1.971,18.28,-42.73,12.88,False,normal,
2026-08-03 18:00:00,nodo_02,sensor,5.48,4.303,1.177,0.412,23.88,-42.73,12.88,True,alerta,
2026-08-04 00:00:00,nodo_01,sensor,7.015,4.9,2.115,2.115,20.69,-43.12,12.8,False,normal,
2026-08-04 00:00:00,nodo_02,sensor,5.476,4.331,1.145,0.515,23.28,-43.12,12.8,True,alerta,
2026-08-04 06:00:00,nodo_01,sensor,6.983,4.969,2.014,2.014,18.8,-42.44,12.52,False,normal,
2026-08-04 06:00:00,nodo_02,sensor,5.402,4.226,1.176,0.413,27.53,-42.44,12.52,True,alerta,
2026-08-04 12:00:00,nodo_01,sensor,6.983,5.031,1.952,1.952,19.12,-43.0,12.01,False,normal,
2026-08-04 12:00:00,nodo_02,sensor,5.46,4.294,1.166,0.447,25.14,-43.0,12.01,True,alerta,
2026-08-04 18:00:00,nodo_01,sensor,6.923,5.061,1.862,1.862,20.16,-42.61,13.2,False,normal,
2026-08-04 18:00:00,nodo_02,sensor,5.516,4.36,1.156,0.48,25.47,-42.61,13.2,True,alerta,
2026-08-05 00:00:00,nodo_01,sensor,6.949,5.041,1.908,1.908,18.73,-42.76,12.36,False,normal,
2026-08-05 00:00:00,nodo_02,sensor,5.492,4.339,1.153,0.49,21.88,-42.76,12.36,True,alerta,
2026-08-05 06:00:00,nodo_01,sensor,6.956,4.873,2.083,2.083,21.98,-43.18,12.58,False,normal,
2026-08-05 06:00:00,nodo_02,sensor,5.473,4.308,1.165,0.451,24.67,-43.18,12.58,True,alerta,
2026-08-05 12:00:00,nodo_01,sensor,6.948,5.083,1.865,1.865,20.6,-42.99,13.03,False,normal,
2026-08-05 12:00:00,nodo_02,sensor,5.444,4.244,1.2,0.333,25.96,-42.99,13.03,True,alerta,
2026-08-05 18:00:00,nodo_01,sensor,6.946,5.008,1.938,1.938,22.37,-43.04,12.4,False,normal,
2026-08-05 18:00:00,nodo_02,sensor,5.46,4.298,1.162,0.461,27.56,-43.04,12.4,True,alerta,
2026-08-06 00:00:00,nodo_01,sensor,6.993,4.99,2.003,2.003,20.46,-43.38,12.64,False,normal,
2026-08-06 00:00:00,nodo_02,sensor,5.486,4.338,1.148,0.506,26.6,-43.38,12.64,True,alerta,
2026-08-06 06:00:00,nodo_01,sensor,6.919,4.975,1.944,1.944,18.78,-43.52,12.29,False,normal,
2026-08-06 06:00:00,nodo_02,sensor,5.453,4.28,1.173,0.422,22.79,-43.52,12.29,True,alerta,
2026-08-06 12:00:00,nodo_01,sensor,6.974,5.014,1.96,1.96,18.85,-43.97,12.27,False,normal,
2026-08-06 12:00:00,nodo_02,sensor,5.495,4.353,1.142,0.528,26.07,-43.97,12.27,True,alerta,
2026-08-06 18:00:00,nodo_01,sensor,6.945,5.037,1.908,1.908,20.54,-43.65,12.23,False,normal,
2026-08-06 18:00:00,nodo_02,sensor,5.493,4.335,1.158,0.475,22.96,-43.65,12.23,True,alerta,
2026-08-07 00:00:00,,boletin_oficial,,,,,,-42.5,12.27,,,5
2026-08-07 00:00:00,nodo_01,sensor,6.984,4.981,2.003,2.003,21.67,-43.12,12.61,False,normal,
2026-08-07 00:00:00,nodo_02,sensor,5.436,4.258,1.178,0.406,22.26,-43.12,12.61,True,alerta,
2026-08-07 06:00:00,nodo_01,sensor,6.973,5.068,1.905,1.905,21.23,-43.57,12.18,False,normal,
2026-08-07 06:00:00,nodo_02,sensor,5.501,4.334,1.167,0.445,24.59,-43.57,12.18,True,alerta,
2026-08-07 12:00:00,nodo_01,sensor,6.943,5.07,1.873,1.873,19.42,-43.68,11.98,False,normal,
2026-08-07 12:00:00,nodo_02,sensor,5.407,4.199,1.208,0.306,26.22,-43.68,11.98,True,alerta,
2026-08-07 18:00:00,nodo_01,sensor,6.971,5.013,1.958,1.958,18.77,-43.72,12.21,False,normal,
2026-08-07 18:00:00,nodo_02,sensor,5.458,4.318,1.14,0.533,24.85,-43.72,12.21,True,alerta,
2026-08-08 00:00:00,nodo_01,sensor,7.02,4.928,2.092,2.092,19.61,-43.76,12.29,False,normal,
2026-08-08 00:00:00,nodo_02,sensor,5.443,4.279,1.164,0.452,27.43,-43.76,12.29,True,alerta,
2026-08-08 06:00:00,nodo_01,sensor,6.976,5.005,1.971,1.971,20.26,-44.33,12.38,False,normal,
2026-08-08 06:00:00,nodo_02,sensor,5.428,4.257,1.171,0.432,27.07,-44.33,12.38,True,alerta,
2026-08-08 12:00:00,nodo_01,sensor,6.9,5.027,1.873,1.873,21.84,-44.58,12.3,False,normal,
2026-08-08 12:00:00,nodo_02,sensor,5.449,4.299,1.15,0.499,23.91,-44.58,12.3,True,alerta,
2026-08-08 18:00:00,nodo_01,sensor,6.984,4.967,2.017,2.017,20.65,-44.34,12.42,False,normal,
2026-08-08 18:00:00,nodo_02,sensor,5.447,4.292,1.155,0.484,24.88,-44.34,12.42,True,alerta,
2026-08-09 00:00:00,nodo_01,sensor,6.95,4.94,2.01,2.01,21.5,-44.27,12.8,False,normal,
2026-08-09 00:00:00,nodo_02,sensor,5.43,4.255,1.175,0.417,25.34,-44.27,12.8,True,alerta,
2026-08-09 06:00:00,nodo_01,sensor,6.974,4.821,2.153,2.153,21.7,-44.48,12.38,False,normal,
2026-08-09 06:00:00,nodo_02,sensor,5.428,4.25,1.178,0.408,25.91,-44.48,12.38,True,alerta,
2026-08-09 12:00:00,nodo_01,sensor,6.933,4.92,2.013,2.013,19.48,-44.21,12.58,False,normal,
2026-08-09 12:00:00,nodo_02,sensor,5.399,4.228,1.171,0.43,24.94,-44.21,12.58,True,alerta,
2026-08-09 18:00:00,nodo_01,sensor,6.945,4.984,1.961,1.961,16.36,-44.78,12.54,False,normal,
2026-08-09 18:00:00,nodo_02,sensor,5.413,4.227,1.186,0.381,26.58,-44.78,12.54,True,alerta,
2026-08-10 00:00:00,nodo_01,sensor,6.981,4.964,2.017,2.017,19.83,-45.16,12.29,False,normal,
2026-08-10 00:00:00,nodo_02,sensor,5.492,4.345,1.147,0.51,24.62,-45.16,12.29,True,alerta,
2026-08-10 06:00:00,nodo_01,sensor,6.965,5.001,1.964,1.964,19.21,-44.83,13.09,False,normal,
2026-08-10 06:00:00,nodo_02,sensor,5.468,4.299,1.169,0.435,23.77,-44.83,13.09,True,alerta,
2026-08-10 12:00:00,nodo_01,sensor,6.954,4.956,1.998,1.998,19.4,-44.7,12.49,False,normal,
2026-08-10 12:00:00,nodo_02,sensor,5.422,4.265,1.157,0.476,25.94,-44.7,12.49,True,alerta,
2026-08-10 18:00:00,nodo_01,sensor,7.015,4.944,2.071,2.071,21.64,-45.05,12.15,False,normal,
2026-08-10 18:00:00,nodo_02,sensor,5.405,4.22,1.185,0.382,25.0,-45.05,12.15,True,alerta,
2026-08-11 00:00:00,,boletin_oficial,,,,,,-44.4,12.23,,,2
2026-08-11 00:00:00,nodo_01,sensor,6.95,4.959,1.991,1.991,18.71,-45.21,12.61,False,normal,
2026-08-11 00:00:00,nodo_02,sensor,5.401,4.217,1.184,0.386,23.49,-45.21,12.61,True,alerta,
2026-08-11 06:00:00,nodo_01,sensor,6.955,4.964,1.991,1.991,21.36,-45.14,12.73,False,normal,
2026-08-11 06:00:00,nodo_02,sensor,5.436,4.287,1.149,0.503,24.95,-45.14,12.73,True,alerta,
2026-08-11 12:00:00,nodo_01,sensor,6.976,4.961,2.015,2.015,19.05,-45.08,12.35,False,normal,
2026-08-11 12:00:00,nodo_02,sensor,5.418,4.233,1.185,0.384,25.3,-45.08,12.35,True,alerta,
2026-08-11 18:00:00,nodo_01,sensor,6.852,5.039,1.813,1.813,19.74,-45.56,12.43,False,normal,
2026-08-11 18:00:00,nodo_02,sensor,5.372,4.205,1.167,0.445,24.74,-45.56,12.43,True,alerta,
2026-08-12 00:00:00,nodo_01,sensor,6.955,5.018,1.937,1.937,16.09,-45.73,12.8,False,normal,
2026-08-12 00:00:00,nodo_02,sensor,5.427,4.266,1.161,0.462,23.94,-45.73,12.8,True,alerta,
2026-08-12 06:00:00,nodo_01,sensor,6.951,5.038,1.913,1.913,21.02,-45.59,12.22,False,normal,
2026-08-12 06:00:00,nodo_02,sensor,5.44,4.242,1.198,0.34,27.08,-45.59,12.22,True,alerta,
2026-08-12 12:00:00,nodo_01,sensor,6.984,5.05,1.934,1.934,17.88,-45.6,12.42,False,normal,
2026-08-12 12:00:00,nodo_02,sensor,5.477,4.322,1.155,0.485,24.08,-45.6,12.42,True,alerta,
2026-08-12 18:00:00,nodo_01,sensor,6.938,5.079,1.859,1.859,21.44,-46.16,12.48,False,normal,
2026-08-12 18:00:00,nodo_02,sensor,5.421,4.241,1.18,0.402,26.61,-46.16,12.48,True,alerta,
2026-08-13 00:00:00,nodo_01,sensor,6.927,5.019,1.908,1.908,20.62,-45.73,12.4,False,normal,
2026-08-13 00:00:00,nodo_02,sensor,5.434,4.303,1.131,0.565,23.44,-45.73,12.4,True,alerta,
2026-08-13 06:00:00,nodo_01,sensor,6.979,5.052,1.927,1.927,20.06,-45.68,11.94,False,normal,
2026-08-13 06:00:00,nodo_02,sensor,5.461,4.291,1.17,0.435,25.2,-45.68,11.94,True,alerta,
2026-08-13 12:00:00,nodo_01,sensor,6.98,4.94,2.04,2.04,17.88,-46.27,12.87,False,normal,
2026-08-13 12:00:00,nodo_02,sensor,5.433,4.272,1.161,0.464,25.59,-46.27,12.87,True,alerta,
2026-08-13 18:00:00,nodo_01,sensor,6.99,4.98,2.01,2.01,20.77,-45.71,11.9,False,normal,
2026-08-13 18:00:00,nodo_02,sensor,5.461,4.288,1.173,0.424,25.47,-45.71,11.9,True,alerta,
2026-08-14 00:00:00,nodo_01,sensor,6.921,4.912,2.009,2.009,18.17,-46.03,12.68,False,normal,
2026-08-14 00:00:00,nodo_02,sensor,5.437,4.28,1.157,0.476,24.2,-46.03,12.68,True,alerta,
2026-08-14 06:00:00,nodo_01,sensor,6.935,5.034,1.901,1.901,19.37,-45.74,12.85,False,normal,
2026-08-14 06:00:00,nodo_02,sensor,5.446,4.273,1.173,0.424,24.75,-45.74,12.85,True,alerta,
2026-08-14 12:00:00,nodo_01,sensor,6.954,4.887,2.067,2.067,19.0,-46.45,12.96,False,normal,
2026-08-14 12:00:00,nodo_02,sensor,5.412,4.245,1.167,0.443,26.67,-46.45,12.96,True,alerta,
2026-08-14 18:00:00,nodo_01,sensor,6.925,5.027,1.898,1.898,19.67,-46.36,12.17,False,normal,
2026-08-14 18:00:00,nodo_02,sensor,5.417,4.237,1.18,0.4,27.8,-46.36,12.17,True,alerta,
2026-08-15 00:00:00,nodo_01,sensor,6.919,5.0,1.919,1.919,19.96,-46.33,13.0,False,normal,
2026-08-15 00:00:00,nodo_02,sensor,5.44,4.265,1.175,0.418,24.0,-46.33,13.0,True,alerta,
2026-08-15 06:00:00,nodo_01,sensor,6.896,5.107,1.789,1.789,19.23,-46.38,12.12,False,normal,
2026-08-15 06:00:00,nodo_02,sensor,5.458,4.27,1.188,0.373,21.9,-46.38,12.12,True,alerta,
2026-08-15 12:00:00,nodo_01,sensor,6.986,4.941,2.045,2.045,22.18,-46.34,12.8,False,normal,
2026-08-15 12:00:00,nodo_02,sensor,5.414,4.222,1.192,0.361,25.32,-46.34,12.8,True,alerta,
2026-08-15 18:00:00,nodo_01,sensor,6.88,4.844,2.036,2.036,20.31,-46.52,12.62,False,normal,
2026-08-15 18:00:00,nodo_02,sensor,5.427,4.249,1.178,0.407,25.0,-46.52,12.62,True,alerta,
2026-08-16 00:00:00,nodo_01,sensor,6.924,5.017,1.907,1.907,19.36,-46.3,12.69,False,normal,
2026-08-16 00:00:00,nodo_02,sensor,5.44,4.29,1.15,0.501,25.36,-46.3,12.69,True,alerta,
2026-08-16 06:00:00,nodo_01,sensor,6.989,4.946,2.043,2.043,20.01,-47.01,12.28,False,normal,
2026-08-16 06:00:00,nodo_02,sensor,5.406,4.223,1.183,0.391,23.46,-47.01,12.28,True,alerta,
2026-08-16 12:00:00,nodo_01,sensor,6.907,5.061,1.846,1.846,19.43,-46.76,13.23,False,normal,
2026-08-16 12:00:00,nodo_02,sensor,5.478,4.289,1.189,0.369,25.02,-46.76,13.23,True,alerta,
2026-08-16 18:00:00,nodo_01,sensor,6.932,5.025,1.907,1.907,19.49,-47.44,12.91,False,normal,
2026-08-16 18:00:00,nodo_02,sensor,5.399,4.201,1.198,0.341,25.85,-47.44,12.91,True,alerta,
2026-08-17 00:00:00,nodo_01,sensor,6.939,4.984,1.955,1.955,22.43,-47.51,12.84,False,normal,
2026-08-17 00:00:00,nodo_02,sensor,5.406,4.23,1.176,0.414,26.53,-47.51,12.84,True,alerta,
2026-08-17 06:00:00,nodo_01,sensor,6.933,4.979,1.954,1.954,21.29,-47.22,12.22,False,normal,
2026-08-17 06:00:00,nodo_02,sensor,5.432,4.26,1.172,0.427,23.8,-47.22,12.22,True,alerta,
2026-08-17 12:00:00,nodo_01,sensor,6.903,4.998,1.905,1.905,18.6,-47.38,12.93,False,normal,
2026-08-17 12:00:00,nodo_02,sensor,5.391,4.21,1.181,0.395,25.64,-47.38,12.93,True,alerta,
2026-08-17 18:00:00,nodo_01,sensor,6.929,4.937,1.992,1.992,20.92,-46.91,12.5,False,normal,
2026-08-17 18:00:00,nodo_02,sensor,5.443,4.254,1.189,0.369,27.04,-46.91,12.5,True,alerta,
2026-08-18 00:00:00,nodo_01,sensor,6.932,4.994,1.938,1.938,21.43,-47.41,12.51,False,normal,
2026-08-18 00:00:00,nodo_02,sensor,5.451,4.291,1.16,0.466,23.18,-47.41,12.51,True,alerta,
2026-08-18 06:00:00,nodo_01,sensor,6.918,5.027,1.891,1.891,20.11,-47.25,12.83,False,normal,
2026-08-18 06:00:00,nodo_02,sensor,5.467,4.336,1.131,0.563,24.78,-47.25,12.83,True,alerta,
2026-08-18 12:00:00,nodo_01,sensor,6.98,4.939,2.041,2.041,21.61,-47.28,12.82,False,normal,
2026-08-18 12:00:00,nodo_02,sensor,5.458,4.321,1.137,0.542,24.93,-47.28,12.82,True,alerta,
2026-08-18 18:00:00,nodo_01,sensor,6.914,5.044,1.87,1.87,19.41,-47.79,12.17,False,normal,
2026-08-18 18:00:00,nodo_02,sensor,5.429,4.254,1.175,0.417,25.36,-47.79,12.17,True,alerta,
2026-08-19 00:00:00,nodo_01,sensor,6.872,5.0,1.872,1.872,22.08,-48.03,12.87,False,normal,
2026-08-19 00:00:00,nodo_02,sensor,5.406,4.239,1.167,0.442,26.46,-48.03,12.87,True,alerta,
2026-08-21 00:00:00,,boletin_oficial,,,,,,-46.8,12.63,,,5
